variables,values
"Pth_{322_CT_6,1}",0.0
"Pth_{321_CC_1,1}",0.0
"Pth_{202_STEAM_3,1}",0.76
"Pth_{315_STEAM_1,1}",0.0
"Pth_{223_CT_4,1}",0.0
"Pth_{123_STEAM_2,1}",1.55
"Pth_{213_CT_1,1}",0.0
"Pth_{223_CT_6,1}",0.0
"Pth_{313_CC_1,1}",0.4792532315929279
"Pth_{202_CT_2,1}",0.0
"Pth_{101_STEAM_3,1}",0.76
"Pth_{302_CT_1,1}",0.0
"Pth_{123_CT_1,1}",0.0
"Pth_{113_CT_3,1}",0.0
"Pth_{302_CT_3,1}",0.0
"Pth_{215_CT_4,1}",0.0
"Pth_{102_STEAM_3,1}",0.76
"Pth_{301_CT_4,1}",0.0
"Pth_{202_CT_1,1}",0.0
"Pth_{113_CT_2,1}",0.0
"Pth_{221_CC_1,1}",0.0
"Pth_{223_CT_5,1}",0.0
"Pth_{315_CT_7,1}",0.0
"Pth_{215_CT_5,1}",0.0
"Pth_{323_CC_1,1}",0.0
"Pth_{101_STEAM_4,1}",0.76
"Pth_{113_CT_1,1}",0.0
"Pth_{223_STEAM_3,1}",1.8678899880733666
"Pth_{318_CC_1,1}",0.0
"Pth_{307_CT_2,1}",0.0
"Pth_{213_CT_2,1}",0.0
"Pth_{113_CT_4,1}",0.0
"Pth_{315_STEAM_3,1}",0.0
"Pth_{118_CC_1,1}",0.0
"Pth_{315_CT_8,1}",0.0
"Pth_{302_CT_2,1}",0.0
"Pth_{218_CC_1,1}",0.0
"Pth_{213_CC_3,1}",0.0
"Pth_{115_STEAM_3,1}",1.55
"Pth_{323_CC_2,1}",0.0
"Pth_{101_CT_1,1}",0.0
"Pth_{115_STEAM_2,1}",0.0
"Pth_{101_CT_2,1}",0.0
"Pth_{322_CT_5,1}",0.0
"Pth_{315_STEAM_5,1}",0.0
"Pth_{207_CT_2,1}",0.0
"Pth_{123_STEAM_3,1}",3.5
"Pth_{223_STEAM_1,1}",1.55
"Pth_{123_CT_5,1}",0.0
"Pth_{301_CT_1,1}",0.0
"Pth_{223_STEAM_2,1}",1.55
"Pth_{202_STEAM_4,1}",0.76
"Pth_{116_STEAM_1,1}",1.55
"Pth_{315_STEAM_4,1}",0.0
"Pth_{115_STEAM_1,1}",0.0
"Pth_{315_STEAM_2,1}",0.0
"Pth_{121_NUCLEAR_1,1}",4.0
"Pth_{102_CT_2,1}",0.0
"Pth_{123_CT_4,1}",0.0
"Pth_{207_CT_1,1}",0.0
"Pth_{301_CT_3,1}",0.0
"Pth_{316_STEAM_1,1}",0.0
"Pth_{102_CT_1,1}",0.0
"Pth_{216_STEAM_1,1}",0.0
"Pth_{315_CT_6,1}",0.0
"Pth_{201_CT_2,1}",0.0
"Pth_{201_STEAM_3,1}",0.0
"Pth_{201_CT_1,1}",0.0
"Pth_{301_CT_2,1}",0.0
"Pth_{302_CT_4,1}",0.0
"Pth_{307_CT_1,1}",0.0
"Pth_{102_STEAM_4,1}",0.76
"Pth_{107_CC_1,1}",1.2980037374136006
"Pth_{322_CT_6,2}",0.0
"Pth_{321_CC_1,2}",3.55
"Pth_{202_STEAM_3,2}",0.76
"Pth_{315_STEAM_1,2}",0.0
"Pth_{223_CT_4,2}",0.0
"Pth_{123_STEAM_2,2}",1.55
"Pth_{213_CT_1,2}",0.0
"Pth_{223_CT_6,2}",0.0
"Pth_{313_CC_1,2}",3.55
"Pth_{202_CT_2,2}",0.0
"Pth_{101_STEAM_3,2}",0.76
"Pth_{302_CT_1,2}",0.0
"Pth_{123_CT_1,2}",0.0
"Pth_{113_CT_3,2}",0.0
"Pth_{302_CT_3,2}",0.0
"Pth_{215_CT_4,2}",0.0
"Pth_{102_STEAM_3,2}",0.76
"Pth_{301_CT_4,2}",0.0
"Pth_{202_CT_1,2}",0.0
"Pth_{113_CT_2,2}",0.0
"Pth_{221_CC_1,2}",3.55
"Pth_{223_CT_5,2}",0.0
"Pth_{315_CT_7,2}",0.0
"Pth_{215_CT_5,2}",0.0
"Pth_{323_CC_1,2}",0.0
"Pth_{101_STEAM_4,2}",0.76
"Pth_{113_CT_1,2}",0.0
"Pth_{223_STEAM_3,2}",3.5
"Pth_{318_CC_1,2}",3.55
"Pth_{307_CT_2,2}",0.0
"Pth_{213_CT_2,2}",0.0
"Pth_{113_CT_4,2}",0.0
"Pth_{315_STEAM_3,2}",0.0
"Pth_{118_CC_1,2}",3.55
"Pth_{315_CT_8,2}",0.0
"Pth_{302_CT_2,2}",0.0
"Pth_{218_CC_1,2}",0.7008771046346656
"Pth_{213_CC_3,2}",3.55
"Pth_{115_STEAM_3,2}",1.55
"Pth_{323_CC_2,2}",0.0
"Pth_{101_CT_1,2}",0.0
"Pth_{115_STEAM_2,2}",0.0
"Pth_{101_CT_2,2}",0.0
"Pth_{322_CT_5,2}",0.0
"Pth_{315_STEAM_5,2}",0.0
"Pth_{207_CT_2,2}",0.0
"Pth_{123_STEAM_3,2}",3.5
"Pth_{223_STEAM_1,2}",1.55
"Pth_{123_CT_5,2}",0.0
"Pth_{301_CT_1,2}",0.0
"Pth_{223_STEAM_2,2}",1.55
"Pth_{202_STEAM_4,2}",0.76
"Pth_{116_STEAM_1,2}",1.55
"Pth_{315_STEAM_4,2}",0.0
"Pth_{115_STEAM_1,2}",0.0
"Pth_{315_STEAM_2,2}",0.0
"Pth_{121_NUCLEAR_1,2}",4.0
"Pth_{102_CT_2,2}",0.0
"Pth_{123_CT_4,2}",0.0
"Pth_{207_CT_1,2}",0.0
"Pth_{301_CT_3,2}",0.0
"Pth_{316_STEAM_1,2}",1.55
"Pth_{102_CT_1,2}",0.0
"Pth_{216_STEAM_1,2}",1.55
"Pth_{315_CT_6,2}",0.0
"Pth_{201_CT_2,2}",0.0
"Pth_{201_STEAM_3,2}",0.76
"Pth_{201_CT_1,2}",0.0
"Pth_{301_CT_2,2}",0.0
"Pth_{302_CT_4,2}",0.0
"Pth_{307_CT_1,2}",0.0
"Pth_{102_STEAM_4,2}",0.76
"Pth_{107_CC_1,2}",3.55
"Pth_{322_CT_6,3}",0.55
"Pth_{321_CC_1,3}",3.55
"Pth_{202_STEAM_3,3}",0.76
"Pth_{315_STEAM_1,3}",0.0
"Pth_{223_CT_4,3}",0.55
"Pth_{123_STEAM_2,3}",1.55
"Pth_{213_CT_1,3}",0.55
"Pth_{223_CT_6,3}",0.55
"Pth_{313_CC_1,3}",3.55
"Pth_{202_CT_2,3}",0.2
"Pth_{101_STEAM_3,3}",0.76
"Pth_{302_CT_1,3}",0.2
"Pth_{123_CT_1,3}",0.55
"Pth_{113_CT_3,3}",0.55
"Pth_{302_CT_3,3}",0.55
"Pth_{215_CT_4,3}",0.55
"Pth_{102_STEAM_3,3}",0.76
"Pth_{301_CT_4,3}",0.55
"Pth_{202_CT_1,3}",0.2
"Pth_{113_CT_2,3}",0.55
"Pth_{221_CC_1,3}",3.55
"Pth_{223_CT_5,3}",0.55
"Pth_{315_CT_7,3}",0.55
"Pth_{215_CT_5,3}",0.55
"Pth_{323_CC_1,3}",3.55
"Pth_{101_STEAM_4,3}",0.76
"Pth_{113_CT_1,3}",0.55
"Pth_{223_STEAM_3,3}",3.5
"Pth_{318_CC_1,3}",2.4096410557343346
"Pth_{307_CT_2,3}",0.55
"Pth_{213_CT_2,3}",0.55
"Pth_{113_CT_4,3}",0.55
"Pth_{315_STEAM_3,3}",0.0
"Pth_{118_CC_1,3}",3.0646320892681604
"Pth_{315_CT_8,3}",0.55
"Pth_{302_CT_2,3}",0.2
"Pth_{218_CC_1,3}",3.55
"Pth_{213_CC_3,3}",3.55
"Pth_{115_STEAM_3,3}",1.55
"Pth_{323_CC_2,3}",3.55
"Pth_{101_CT_1,3}",0.2
"Pth_{115_STEAM_2,3}",0.12
"Pth_{101_CT_2,3}",0.2
"Pth_{322_CT_5,3}",0.55
"Pth_{315_STEAM_5,3}",0.0
"Pth_{207_CT_2,3}",0.55
"Pth_{123_STEAM_3,3}",3.5
"Pth_{223_STEAM_1,3}",1.55
"Pth_{123_CT_5,3}",0.55
"Pth_{301_CT_1,3}",0.2
"Pth_{223_STEAM_2,3}",1.55
"Pth_{202_STEAM_4,3}",0.76
"Pth_{116_STEAM_1,3}",1.55
"Pth_{315_STEAM_4,3}",0.0
"Pth_{115_STEAM_1,3}",0.12
"Pth_{315_STEAM_2,3}",0.0
"Pth_{121_NUCLEAR_1,3}",4.0
"Pth_{102_CT_2,3}",0.2
"Pth_{123_CT_4,3}",0.55
"Pth_{207_CT_1,3}",0.55
"Pth_{301_CT_3,3}",0.55
"Pth_{316_STEAM_1,3}",1.55
"Pth_{102_CT_1,3}",0.2
"Pth_{216_STEAM_1,3}",1.55
"Pth_{315_CT_6,3}",0.55
"Pth_{201_CT_2,3}",0.2
"Pth_{201_STEAM_3,3}",0.76
"Pth_{201_CT_1,3}",0.2
"Pth_{301_CT_2,3}",0.2
"Pth_{302_CT_4,3}",0.55
"Pth_{307_CT_1,3}",0.55
"Pth_{102_STEAM_4,3}",0.76
"Pth_{107_CC_1,3}",3.55
"Pre_{324_PV_3,1}",0.0
"Pre_{312_PV_1,1}",0.0
"Pre_{102_PV_1,1}",0.0
"Pre_{101_PV_1,1}",0.0
"Pre_{324_PV_2,1}",0.0
"Pre_{313_PV_2,1}",0.0
"Pre_{104_PV_1,1}",0.0
"Pre_{101_PV_2,1}",0.0
"Pre_{310_PV_2,1}",0.0
"Pre_{113_PV_1,1}",0.0
"Pre_{314_PV_1,1}",0.0
"Pre_{324_PV_1,1}",0.0
"Pre_{103_PV_1,1}",0.0
"Pre_{314_PV_2,1}",0.0
"Pre_{102_PV_2,1}",0.0
"Pre_{314_PV_3,1}",0.0
"Pre_{320_PV_1,1}",0.0
"Pre_{101_PV_3,1}",0.0
"Pre_{319_PV_1,1}",0.0
"Pre_{314_PV_4,1}",0.0
"Pre_{310_PV_1,1}",0.0
"Pre_{215_PV_1,1}",0.0
"Pre_{313_PV_1,1}",0.0
"Pre_{101_PV_4,1}",0.0
"Pre_{119_PV_1,1}",0.0
"Pre_{104_WIND_2,1}",0.0
"Pre_{206_WIND_2,1}",0.0
"Pre_{323_WIND_2,1}",0.0
"Pre_{107_WIND_2,1}",0.0
"Pre_{318_WIND_2,1}",0.0
"Pre_{116_WIND_2,1}",0.0
"Pre_{201_WIND_2,1}",0.0
"Pre_{309_WIND_1,1}",1.08
"Pre_{219_WIND_2,1}",0.0
"Pre_{121_WIND_2,1}",0.0
"Pre_{221_WIND_2,1}",0.0
"Pre_{324_WIND_2,1}",0.0
"Pre_{115_WIND_2,1}",0.0
"Pre_{214_WIND_2,1}",0.0
"Pre_{106_WIND_2,1}",0.0
"Pre_{218_WIND_2,1}",0.0
"Pre_{113_WIND_2,1}",0.0
"Pre_{118_WIND_2,1}",0.0
"Pre_{301_WIND_2,1}",0.0
"Pre_{217_WIND_2,1}",0.0
"Pre_{224_WIND_2,1}",0.0
"Pre_{203_WIND_2,1}",0.0
"Pre_{308_WIND_2,1}",0.0
"Pre_{122_WIND_1,1}",8.477477251617024
"Pre_{220_WIND_2,1}",0.0
"Pre_{316_WIND_2,1}",0.0
"Pre_{304_WIND_2,1}",0.0
"Pre_{222_WIND_2,1}",0.0
"Pre_{209_WIND_2,1}",0.0
"Pre_{208_WIND_2,1}",0.0
"Pre_{112_WIND_2,1}",0.0
"Pre_{309_WIND_2,1}",0.0
"Pre_{109_WIND_2,1}",0.0
"Pre_{306_WIND_2,1}",0.0
"Pre_{310_WIND_2,1}",0.0
"Pre_{311_WIND_2,1}",0.0
"Pre_{314_WIND_2,1}",0.0
"Pre_{319_WIND_2,1}",0.0
"Pre_{302_WIND_2,1}",0.0
"Pre_{119_WIND_2,1}",0.0
"Pre_{312_WIND_2,1}",0.0
"Pre_{216_WIND_2,1}",13.836428234758788
"Pre_{124_WIND_2,1}",0.0
"Pre_{213_WIND_2,1}",0.0
"Pre_{320_WIND_2,1}",0.0
"Pre_{122_WIND_2,1}",0.0
"Pre_{117_WIND_2,1}",0.0
"Pre_{202_WIND_2,1}",0.0
"Pre_{322_WIND_2,1}",0.0
"Pre_{313_WIND_2,1}",0.0
"Pre_{111_WIND_2,1}",0.0
"Pre_{315_WIND_2,1}",0.0
"Pre_{204_WIND_2,1}",0.0
"Pre_{212_WIND_2,1}",0.0
"Pre_{321_WIND_2,1}",0.0
"Pre_{223_WIND_2,1}",0.0
"Pre_{305_WIND_2,1}",0.0
"Pre_{102_WIND_2,1}",0.0
"Pre_{114_WIND_2,1}",0.0
"Pre_{317_WIND_2,1}",0.0
"Pre_{303_WIND_2,1}",0.0
"Pre_{110_WIND_2,1}",0.0
"Pre_{210_WIND_2,1}",0.0
"Pre_{207_WIND_2,1}",0.0
"Pre_{120_WIND_2,1}",0.0
"Pre_{123_WIND_2,1}",0.0
"Pre_{215_WIND_2,1}",0.0
"Pre_{317_WIND_1,1}",10.501522466414627
"Pre_{325_WIND_2,1}",0.0
"Pre_{303_WIND_1,1}",4.386034120129679
"Pre_{105_WIND_2,1}",0.0
"Pre_{108_WIND_2,1}",0.0
"Pre_{307_WIND_2,1}",0.0
"Pre_{101_WIND_2,1}",0.0
"Pre_{103_WIND_2,1}",0.0
"Pre_{205_WIND_2,1}",0.0
"Pre_{211_WIND_2,1}",0.0
"Pre_{324_PV_3,2}",0.35000000000000003
"Pre_{312_PV_1,2}",0.522
"Pre_{102_PV_1,2}",0.176
"Pre_{101_PV_1,2}",0.18600000000000003
"Pre_{324_PV_2,2}",0.378
"Pre_{313_PV_2,2}",0.557
"Pre_{104_PV_1,2}",0.187
"Pre_{101_PV_2,2}",0.174
"Pre_{310_PV_2,2}",0.33
"Pre_{113_PV_1,2}",0.6070000000000001
"Pre_{314_PV_1,2}",0.34700000000000003
"Pre_{324_PV_1,2}",0.282
"Pre_{103_PV_1,2}",0.297
"Pre_{314_PV_2,2}",0.33799999999999997
"Pre_{102_PV_2,2}",0.179
"Pre_{314_PV_3,2}",0.5
"Pre_{320_PV_1,2}",0.391
"Pre_{101_PV_3,2}",0.17500000000000002
"Pre_{319_PV_1,2}",1.3390000000000002
"Pre_{314_PV_4,2}",0.33
"Pre_{310_PV_1,2}",0.336
"Pre_{215_PV_1,2}",0.89
"Pre_{313_PV_1,2}",0.488
"Pre_{101_PV_4,2}",0.18300000000000002
"Pre_{119_PV_1,2}",0.262
"Pre_{104_WIND_2,2}",0.0
"Pre_{206_WIND_2,2}",0.0
"Pre_{323_WIND_2,2}",0.0
"Pre_{107_WIND_2,2}",0.0
"Pre_{318_WIND_2,2}",0.0
"Pre_{116_WIND_2,2}",0.0
"Pre_{201_WIND_2,2}",0.0
"Pre_{309_WIND_1,2}",0.16600000000000004
"Pre_{219_WIND_2,2}",0.0
"Pre_{121_WIND_2,2}",0.0
"Pre_{221_WIND_2,2}",0.0
"Pre_{324_WIND_2,2}",0.0
"Pre_{115_WIND_2,2}",0.0
"Pre_{214_WIND_2,2}",0.0
"Pre_{106_WIND_2,2}",0.0
"Pre_{218_WIND_2,2}",0.0
"Pre_{113_WIND_2,2}",0.0
"Pre_{118_WIND_2,2}",0.0
"Pre_{301_WIND_2,2}",0.0
"Pre_{217_WIND_2,2}",0.0
"Pre_{224_WIND_2,2}",0.0
"Pre_{203_WIND_2,2}",0.0
"Pre_{308_WIND_2,2}",0.0
"Pre_{122_WIND_1,2}",0.14554997188964744
"Pre_{220_WIND_2,2}",0.0
"Pre_{316_WIND_2,2}",0.0
"Pre_{304_WIND_2,2}",0.0
"Pre_{222_WIND_2,2}",0.0
"Pre_{209_WIND_2,2}",0.0
"Pre_{208_WIND_2,2}",0.0
"Pre_{112_WIND_2,2}",0.0
"Pre_{309_WIND_2,2}",0.0
"Pre_{109_WIND_2,2}",0.0
"Pre_{306_WIND_2,2}",0.0
"Pre_{310_WIND_2,2}",0.0
"Pre_{311_WIND_2,2}",0.0
"Pre_{314_WIND_2,2}",0.0
"Pre_{319_WIND_2,2}",0.0
"Pre_{302_WIND_2,2}",0.0
"Pre_{119_WIND_2,2}",0.0
"Pre_{312_WIND_2,2}",0.0
"Pre_{216_WIND_2,2}",7.943406517507378
"Pre_{124_WIND_2,2}",0.0
"Pre_{213_WIND_2,2}",0.0
"Pre_{320_WIND_2,2}",0.0
"Pre_{122_WIND_2,2}",0.0
"Pre_{117_WIND_2,2}",0.0
"Pre_{202_WIND_2,2}",0.0
"Pre_{322_WIND_2,2}",0.0
"Pre_{313_WIND_2,2}",0.0
"Pre_{111_WIND_2,2}",0.0
"Pre_{315_WIND_2,2}",0.0
"Pre_{204_WIND_2,2}",0.0
"Pre_{212_WIND_2,2}",0.0
"Pre_{321_WIND_2,2}",0.0
"Pre_{223_WIND_2,2}",0.0
"Pre_{305_WIND_2,2}",0.0
"Pre_{102_WIND_2,2}",0.0
"Pre_{114_WIND_2,2}",0.0
"Pre_{317_WIND_2,2}",0.0
"Pre_{303_WIND_2,2}",0.0
"Pre_{110_WIND_2,2}",0.0
"Pre_{210_WIND_2,2}",0.0
"Pre_{207_WIND_2,2}",0.0
"Pre_{120_WIND_2,2}",0.0
"Pre_{123_WIND_2,2}",0.0
"Pre_{215_WIND_2,2}",0.0
"Pre_{317_WIND_1,2}",2.7082270186564426
"Pre_{325_WIND_2,2}",0.0
"Pre_{303_WIND_1,2}",1.2118163973118892
"Pre_{105_WIND_2,2}",0.0
"Pre_{108_WIND_2,2}",0.0
"Pre_{307_WIND_2,2}",0.0
"Pre_{101_WIND_2,2}",0.0
"Pre_{103_WIND_2,2}",0.0
"Pre_{205_WIND_2,2}",0.0
"Pre_{211_WIND_2,2}",0.0
"Pre_{324_PV_3,3}",0.305
"Pre_{312_PV_1,3}",0.517
"Pre_{102_PV_1,3}",0.156
"Pre_{101_PV_1,3}",0.151
"Pre_{324_PV_2,3}",0.33799999999999997
"Pre_{313_PV_2,3}",0.483
"Pre_{104_PV_1,3}",0.054000000000000006
"Pre_{101_PV_2,3}",0.152
"Pre_{310_PV_2,3}",0.321
"Pre_{113_PV_1,3}",0.5870000000000001
"Pre_{314_PV_1,3}",0.354
"Pre_{324_PV_1,3}",0.289
"Pre_{103_PV_1,3}",0.184
"Pre_{314_PV_2,3}",0.318
"Pre_{102_PV_2,3}",0.161
"Pre_{314_PV_3,3}",0.474
"Pre_{320_PV_1,3}",0.332
"Pre_{101_PV_3,3}",0.153
"Pre_{319_PV_1,3}",1.149
"Pre_{314_PV_4,3}",0.34600000000000003
"Pre_{310_PV_1,3}",0.319
"Pre_{215_PV_1,3}",0.799
"Pre_{313_PV_1,3}",0.513
"Pre_{101_PV_4,3}",0.157
"Pre_{119_PV_1,3}",0.239
"Pre_{104_WIND_2,3}",0.0
"Pre_{206_WIND_2,3}",0.0
"Pre_{323_WIND_2,3}",0.0
"Pre_{107_WIND_2,3}",0.0
"Pre_{318_WIND_2,3}",0.0
"Pre_{116_WIND_2,3}",0.0
"Pre_{201_WIND_2,3}",0.0
"Pre_{309_WIND_1,3}",0.429
"Pre_{219_WIND_2,3}",0.0
"Pre_{121_WIND_2,3}",0.0
"Pre_{221_WIND_2,3}",0.0
"Pre_{324_WIND_2,3}",0.0
"Pre_{115_WIND_2,3}",0.0
"Pre_{214_WIND_2,3}",0.0
"Pre_{106_WIND_2,3}",0.0
"Pre_{218_WIND_2,3}",0.0
"Pre_{113_WIND_2,3}",0.0
"Pre_{118_WIND_2,3}",0.0
"Pre_{301_WIND_2,3}",0.0
"Pre_{217_WIND_2,3}",0.0
"Pre_{224_WIND_2,3}",0.0
"Pre_{203_WIND_2,3}",0.0
"Pre_{308_WIND_2,3}",0.0
"Pre_{122_WIND_1,3}",9.163012649007266
"Pre_{220_WIND_2,3}",0.0
"Pre_{316_WIND_2,3}",0.0
"Pre_{304_WIND_2,3}",0.0
"Pre_{222_WIND_2,3}",0.0
"Pre_{209_WIND_2,3}",0.0
"Pre_{208_WIND_2,3}",0.0
"Pre_{112_WIND_2,3}",0.0
"Pre_{309_WIND_2,3}",0.0
"Pre_{109_WIND_2,3}",0.0
"Pre_{306_WIND_2,3}",0.0
"Pre_{310_WIND_2,3}",0.0
"Pre_{311_WIND_2,3}",0.0
"Pre_{314_WIND_2,3}",0.0
"Pre_{319_WIND_2,3}",0.0
"Pre_{302_WIND_2,3}",0.0
"Pre_{119_WIND_2,3}",0.0
"Pre_{312_WIND_2,3}",0.0
"Pre_{216_WIND_2,3}",2.2340267893966947
"Pre_{124_WIND_2,3}",0.0
"Pre_{213_WIND_2,3}",0.0
"Pre_{320_WIND_2,3}",0.0
"Pre_{122_WIND_2,3}",0.0
"Pre_{117_WIND_2,3}",0.0
"Pre_{202_WIND_2,3}",0.0
"Pre_{322_WIND_2,3}",0.0
"Pre_{313_WIND_2,3}",0.0
"Pre_{111_WIND_2,3}",0.0
"Pre_{315_WIND_2,3}",0.0
"Pre_{204_WIND_2,3}",0.0
"Pre_{212_WIND_2,3}",0.0
"Pre_{321_WIND_2,3}",0.0
"Pre_{223_WIND_2,3}",0.0
"Pre_{305_WIND_2,3}",0.0
"Pre_{102_WIND_2,3}",0.0
"Pre_{114_WIND_2,3}",0.0
"Pre_{317_WIND_2,3}",0.0
"Pre_{303_WIND_2,3}",0.0
"Pre_{110_WIND_2,3}",0.0
"Pre_{210_WIND_2,3}",0.0
"Pre_{207_WIND_2,3}",0.0
"Pre_{120_WIND_2,3}",0.0
"Pre_{123_WIND_2,3}",0.0
"Pre_{215_WIND_2,3}",0.0
"Pre_{317_WIND_1,3}",3.584352876452753
"Pre_{325_WIND_2,3}",0.0
"Pre_{303_WIND_1,3}",4.335876884160124
"Pre_{105_WIND_2,3}",0.0
"Pre_{108_WIND_2,3}",0.0
"Pre_{307_WIND_2,3}",0.0
"Pre_{101_WIND_2,3}",0.0
"Pre_{103_WIND_2,3}",0.0
"Pre_{205_WIND_2,3}",0.0
"Pre_{211_WIND_2,3}",0.0
"Fbr_{A3,1}",0.6998281223483865
"Fbr_{A1,1}",0.14792584365339
"Fbr_{A2,1}",-0.1149902841912498
"Fbr_{A5,1}",0.5293582470357701
"Fbr_{A4,1}",0.43151275528077737
"Fbr_{A7,1}",-2.014575867861592
"Fbr_{A6,1}",0.5875250533545561
"Fbr_{A8,1}",-0.10788990718238059
"Fbr_{A9,1}",0.18229313539049188
"Fbr_{A10,1}",-0.46197637586949325
"Fbr_{AB1,1}",0.5145404682893101
"Fbr_{A11,1}",-0.1276898769283411
"Fbr_{A12-1,1}",-0.7776029477251936
"Fbr_{A13-2,1}",-0.5965444330031476
"Fbr_{A14,1}",-0.774047274444988
"Fbr_{A15,1}",-0.7995349315817257
"Fbr_{A17,1}",-1.161745451672387
"Fbr_{A16,1}",-1.1358811296518672
"Fbr_{A18,1}",-0.18158159584191935
"Fbr_{A19,1}",-1.7283468082549287
"Fbr_{A21,1}",-1.8256402894011419
"Fbr_{A20,1}",-0.135640093852971
"Fbr_{AB2,1}",-0.28821827234984215
"Fbr_{A22,1}",-1.9606480869766272
"Fbr_{A23,1}",-3.142456490928613
"Fbr_{A25-1,1}",-2.0191035312254972
"Fbr_{A26,1}",2.014575867861592
"Fbr_{A25-2,1}",-2.0191035312255026
"Fbr_{A24,1}",1.2629468161999342
"Fbr_{A28,1}",2.404930929653024
"Fbr_{A27,1}",-3.4633631212237823
"Fbr_{A29,1}",0.04430844446169235
"Fbr_{A30,1}",-3.5076715656854747
"Fbr_{A31-1,1}",-1.1915017683112592
"Fbr_{A31-2,1}",-1.1915017683112592
"Fbr_{A32-2,1}",0.5427905870844081
"Fbr_{A32-1,1}",0.5427905870844052
"Fbr_{A33-2,1}",0.07628017630545922
"Fbr_{A33-1,1}",0.07628017630545922
"Fbr_{A34,1}",-4.96980568593155
"Fbr_{AB3,1}",1.4162719762331493
"Fbr_{B2,1}",-0.669673932295154
"Fbr_{B1,1}",-0.444842892796506
"Fbr_{B3,1}",0.21810834121798672
"Fbr_{B5,1}",0.24094507671638177
"Fbr_{B4,1}",0.029104410711665696
"Fbr_{B7,1}",-2.303930070475714
"Fbr_{B6,1}",0.654782466680391
"Fbr_{B8,1}",-0.5851014023128956
"Fbr_{B9,1}",-0.3711972361434167
"Fbr_{B10,1}",-0.8878656066801095
"Fbr_{B11,1}",-1.037509819298245
"Fbr_{B13-2,1}",-1.079151206648453
"Fbr_{B12-1,1}",-1.3776720454497873
"Fbr_{B15,1}",-1.432019103708487
"Fbr_{B14,1}",-1.328485624391325
"Fbr_{B17,1}",-2.0308964491564514
"Fbr_{B16,1}",-1.9258329184207907
"Fbr_{B19,1}",-2.665478016362613
"Fbr_{B18,1}",-0.5888405264495081
"Fbr_{B20,1}",-0.40222142998028654
"Fbr_{B21,1}",-3.060694122884652
"Fbr_{B22,1}",-3.1905827733420753
"Fbr_{B23,1}",-4.27569325591349
"Fbr_{B26,1}",2.303930070475714
"Fbr_{B25-1,1}",-0.11163662228295516
"Fbr_{B24,1}",-5.0
"Fbr_{B25-2,1}",-0.11163662228295172
"Fbr_{B27,1}",1.5709274269432763
"Fbr_{B28,1}",2.1597996964633834
"Fbr_{B29,1}",2.7635826840572983
"Fbr_{B30,1}",0.22361671911913492
"Fbr_{B31-2,1}",-0.00017173727661401982
"Fbr_{B31-1,1}",-0.0001717372766140146
"Fbr_{B32-1,1}",0.32874273905974283
"Fbr_{B32-2,1}",0.32874273905978124
"Fbr_{B33-1,1}",-0.20246228842093972
"Fbr_{B33-2,1}",-0.20246228842093972
"Fbr_{B34,1}",-0.22361671911913492
"Fbr_{C1,1}",0.5341657575764588
"Fbr_{C2,1}",-1.4467703651215058
"Fbr_{C3,1}",0.256756856892386
"Fbr_{C5,1}",0.19516771636869978
"Fbr_{C4,1}",-0.2500504015080085
"Fbr_{C7,1}",0.09618417058712594
"Fbr_{C6,1}",1.75
"Fbr_{C8,1}",-0.6994275639922191
"Fbr_{C9,1}",-0.1744023125181403
"Fbr_{C10,1}",-0.6307146363049845
"Fbr_{C11,1}",-0.7590830447368422
"Fbr_{C13-2,1}",-0.5851316692869214
"Fbr_{C12-1,1}",-1.2123769806499207
"Fbr_{C15,1}",-0.0832060068570224
"Fbr_{C14,1}",-0.061314800416697644
"Fbr_{C16,1}",-1.2761017230465486
"Fbr_{C17,1}",-1.2983164448529716
"Fbr_{C19,1}",-1.1968149657754485
"Fbr_{C18,1}",-0.14060155768778676
"Fbr_{C20,1}",-0.10114265807910934
"Fbr_{C21,1}",-1.2803797936308847
"Fbr_{C22,1}",-1.3717470390160735
"Fbr_{C23,1}",-2.3749118512070275
"Fbr_{C24,1}",-0.03783668062506537
"Fbr_{C25-1,1}",-0.8955068751202201
"Fbr_{C25-2,1}",-0.8955068751202201
"Fbr_{C26,1}",-0.09618417058712594
"Fbr_{C28,1}",1.979985032378428
"Fbr_{C27,1}",-5.0
"Fbr_{C30,1}",0.5015224664146269
"Fbr_{C29,1}",5.0
"Fbr_{C31-2,1}",0.6447456419129066
"Fbr_{CB-1,1}",1.6883114849952394
"Fbr_{C31-1,1}",0.6447456419129066
"Fbr_{C32-2,1}",0.44041639179974007
"Fbr_{C32-1,1}",0.4404163917997405
"Fbr_{C33-2,1}",0.05176587289447712
"Fbr_{C33-1,1}",0.05176587289447712
"Fbr_{C34,1}",-0.5015224664146269
"Fbr_{C35,1}",-2.5485950868580085
"Fbr_{CA-1,1}",-2.5485950868580085
"Fbr_{A3,2}",0.8499844136143136
"Fbr_{A1,2}",0.160194289805183
"Fbr_{A2,2}",0.23488239565418856
"Fbr_{A5,2}",0.6467733086986346
"Fbr_{A4,2}",0.4966147460153216
"Fbr_{A7,2}",-1.2582464476325192
"Fbr_{A6,2}",0.1352306750761812
"Fbr_{A8,2}",0.003267721306549733
"Fbr_{A9,2}",0.19721902504238387
"Fbr_{A10,2}",-0.6035941961715409
"Fbr_{AB1,2}",0.6860810857568191
"Fbr_{A11,2}",1.7146840752080932
"Fbr_{A12-1,2}",-0.0013143303076096624
"Fbr_{A13-2,2}",0.14384514571570306
"Fbr_{A14,2}",-0.5661530262805196
"Fbr_{A15,2}",-0.905591682293482
"Fbr_{A17,2}",-1.1998956825695464
"Fbr_{A16,2}",-0.8554406917386558
"Fbr_{A18,2}",-1.0960509911141776
"Fbr_{A19,2}",-0.3255427269049971
"Fbr_{A21,2}",-1.6212745512122004
"Fbr_{A20,2}",-0.4842128136508281
"Fbr_{AB2,2}",-1.8691656128028105
"Fbr_{A22,2}",-1.5404760507165807
"Fbr_{A23,2}",-2.109155197087453
"Fbr_{A25-1,2}",-1.3614367274817138
"Fbr_{A26,2}",1.2582464476325192
"Fbr_{A25-2,2}",-1.361436727481713
"Fbr_{A24,2}",0.10016745553792525
"Fbr_{A28,2}",0.1461281824786056
"Fbr_{A27,2}",-1.5245037952562075
"Fbr_{A29,2}",-1.3009572877268107
"Fbr_{A30,2}",-0.22354650752938124
"Fbr_{A31-1,2}",-0.40625944945814224
"Fbr_{A31-2,2}",-0.40625944945814224
"Fbr_{A32-2,2}",-0.627981932222099
"Fbr_{A32-1,2}",-0.6279819322221023
"Fbr_{A33-2,2}",-1.2163901698080655
"Fbr_{A33-1,2}",-1.2163901698080655
"Fbr_{A34,2}",0.0779965356397338
"Fbr_{AB3,2}",-0.5445309415449122
"Fbr_{B2,2}",-0.42073665260304355
"Fbr_{B1,2}",-0.1584708524229955
"Fbr_{B3,2}",0.3605900657418296
"Fbr_{B5,2}",0.3286883777206093
"Fbr_{B4,2}",0.15389732901780317
"Fbr_{B7,2}",-1.8057818671673624
"Fbr_{B6,2}",0.44009723484745183
"Fbr_{B8,2}",-0.5166368423436004
"Fbr_{B9,2}",-0.28276028786167917
"Fbr_{B10,2}",-0.9036446939706191
"Fbr_{B11,2}",-1.1326590732456134
"Fbr_{B13-2,2}",-1.213277091181525
"Fbr_{B12-1,2}",-1.4688595942640892
"Fbr_{B15,2}",-1.7264207247694636
"Fbr_{B14,2}",-1.404701179534625
"Fbr_{B17,2}",-2.246552124274888
"Fbr_{B16,2}",-1.9200781030020933
"Fbr_{B19,2}",-1.3816526169749999
"Fbr_{B18,2}",-1.943126665561725
"Fbr_{B20,2}",-1.3632271852759146
"Fbr_{B21,2}",-2.609745663768437
"Fbr_{B22,2}",-2.157591086118342
"Fbr_{B23,2}",-3.139539498652193
"Fbr_{B26,2}",1.8057818671673624
"Fbr_{B25-1,2}",-0.9297502580215491
"Fbr_{B24,2}",-3.797870373677976
"Fbr_{B25-2,2}",-0.929750258021534
"Fbr_{B27,2}",1.1705581240796308
"Fbr_{B28,2}",0.4793112625010578
"Fbr_{B29,2}",0.6920877462145025
"Fbr_{B30,2}",-0.0660605636797686
"Fbr_{B31-2,2}",-0.8122194601385742
"Fbr_{B31-1,2}",-0.8122194601385742
"Fbr_{B32-1,2}",-0.5803895377793125
"Fbr_{B32-2,2}",-0.580389537779279
"Fbr_{B33-1,2}",-1.1603109832810503
"Fbr_{B33-2,2}",-1.1603109832810503
"Fbr_{B34,2}",0.0660605636797686
"Fbr_{C1,2}",0.3712283609927667
"Fbr_{C2,2}",-1.0440698829572388
"Fbr_{C3,2}",-0.18633431925659305
"Fbr_{C5,2}",-0.08355934636182605
"Fbr_{C4,2}",-0.31687948337171323
"Fbr_{C7,2}",-2.029528747737694
"Fbr_{C6,2}",0.7653155267239236
"Fbr_{C8,2}",-0.9055740412453974
"Fbr_{C9,2}",-0.7511628815408036
"Fbr_{C10,2}",-1.1654844797512998
"Fbr_{C11,2}",-0.9944164828947436
"Fbr_{C13-2,2}",-1.0340998826824284
"Fbr_{C12-1,2}",-1.3206783488123048
"Fbr_{C15,2}",-1.3071356004758328
"Fbr_{C14,2}",-1.3799843389105728
"Fbr_{C16,2}",-1.9549811390332288
"Fbr_{C17,2}",-1.8810558182570922
"Fbr_{C19,2}",-1.9415124808486603
"Fbr_{C18,2}",-1.3934529970951455
"Fbr_{C20,2}",-1.5247628481237534
"Fbr_{C21,2}",-1.1414285706091714
"Fbr_{C22,2}",-0.43137878895574133
"Fbr_{C23,2}",-1.969846862301292
"Fbr_{C24,2}",-0.002062969372965018
"Fbr_{C25-1,2}",-1.7696529894929014
"Fbr_{C25-2,2}",-1.7696529894928805
"Fbr_{C26,2}",1.0195287477376942
"Fbr_{C28,2}",1.9143937948001706
"Fbr_{C27,2}",-3.131836812790202
"Fbr_{C30,2}",-0.030347796955286478
"Fbr_{C29,2}",-0.393261997178473
"Fbr_{C31-2,2}",0.009826887970534362
"Fbr_{CB-1,2}",0.4879587164488792
"Fbr_{C31-1,2}",0.009826887970534362
"Fbr_{C32-2,2}",0.9067393637843008
"Fbr_{C32-1,2}",0.9067393637842908
"Fbr_{C33-2,2}",0.5930981245421905
"Fbr_{C33-1,2}",0.5930981245421905
"Fbr_{C34,2}",0.030347796955286478
"Fbr_{C35,2}",-0.3866111104805447
"Fbr_{CA-1,2}",-0.3866111104805447
"Fbr_{A3,3}",0.9952468113527719
"Fbr_{A1,3}",0.33436337685343265
"Fbr_{A2,3}",-0.17496495005883556
"Fbr_{A5,3}",0.7653529699087633
"Fbr_{A4,3}",0.5680436300955458
"Fbr_{A7,3}",-2.96227524752478
"Fbr_{A6,3}",0.6740523610448915
"Fbr_{A8,3}",-0.32238463265533124
"Fbr_{A9,3}",0.08910618087557899
"Fbr_{A10,3}",-0.9703530264982543
"Fbr_{AB1,3}",0.793790354251375
"Fbr_{A11,3}",1.160891634345116
"Fbr_{A12-1,3}",-0.6596689643853471
"Fbr_{A13-2,3}",-0.3618344408695366
"Fbr_{A14,3}",-1.204544571630399
"Fbr_{A15,3}",-1.336901880330298
"Fbr_{A17,3}",-1.9330453561610188
"Fbr_{A16,3}",-1.798732028120704
"Fbr_{A18,3}",-1.064168967576164
"Fbr_{A19,3}",-1.9391076321749359
"Fbr_{A21,3}",-2.44435231784667
"Fbr_{A20,3}",-0.8255949186446467
"Fbr_{AB2,3}",-0.2150263607849524
"Fbr_{A22,3}",-2.269811709611296
"Fbr_{A23,3}",-4.415041185873181
"Fbr_{A25-1,3}",-3.8050886441122
"Fbr_{A26,3}",2.96227524752478
"Fbr_{A25-2,3}",-3.8050886441122134
"Fbr_{A24,3}",2.3921755637803352
"Fbr_{A28,3}",3.2508799687843526
"Fbr_{A27,3}",-5.0
"Fbr_{A29,3}",-3.0262034050119864
"Fbr_{A30,3}",-4.163012649007266
"Fbr_{A31-1,3}",-2.1057492490613865
"Fbr_{A31-2,3}",-2.1057492490613865
"Fbr_{A32-2,3}",0.5899297441360354
"Fbr_{A32-1,3}",0.5899297441360362
"Fbr_{A33-2,3}",-0.2268730777025606
"Fbr_{A33-1,3}",-0.2268730777025606
"Fbr_{A34,3}",-5.0
"Fbr_{AB3,3}",1.5320898171369115
"Fbr_{B2,3}",-0.5315692853289917
"Fbr_{B1,3}",-0.11858889984665381
"Fbr_{B3,3}",0.40904270980721913
"Fbr_{B5,3}",0.3912803725721232
"Fbr_{B4,3}",0.1517214580373758
"Fbr_{B7,3}",-2.4570561001237996
"Fbr_{B6,3}",0.38408471009881806
"Fbr_{B8,3}",-0.8083021084187646
"Fbr_{B9,3}",-0.5120609823331318
"Fbr_{B10,3}",-1.373087263077
"Fbr_{B11,3}",-0.5216614298245611
"Fbr_{B13-2,3}",-1.1998583371821074
"Fbr_{B12-1,3}",-1.5402359286424487
"Fbr_{B15,3}",-2.488281471574957
"Fbr_{B14,3}",-1.7464978571418412
"Fbr_{B17,3}",-3.1837721734883933
"Fbr_{B16,3}",-2.431026239630162
"Fbr_{B19,3}",-1.149815503236141
"Fbr_{B18,3}",-3.0277085935358636
"Fbr_{B20,3}",-1.6906436285201838
"Fbr_{B21,3}",-3.9814100165431667
"Fbr_{B22,3}",-3.5062744532841177
"Fbr_{B23,3}",-3.6666340423238606
"Fbr_{B26,3}",2.4570561001237996
"Fbr_{B25-1,3}",-1.4790122344076317
"Fbr_{B24,3}",-1.9275913781286023
"Fbr_{B25-2,3}",-1.479012234407621
"Fbr_{B27,3}",-1.3539592992690301
"Fbr_{B28,3}",-1.753568475646401
"Fbr_{B29,3}",0.20413979114414182
"Fbr_{B30,3}",-0.026009273276256444
"Fbr_{B31-2,3}",-0.28298312895424527
"Fbr_{B31-1,3}",-0.28298312895424527
"Fbr_{B32-1,3}",-2.050867113016195
"Fbr_{B32-2,3}",-2.0508671130161713
"Fbr_{B33-1,3}",-2.8811577650863587
"Fbr_{B33-2,3}",-2.8811577650863587
"Fbr_{B34,3}",0.026009273276256444
"Fbr_{C1,3}",0.4739110896912483
"Fbr_{C2,3}",-0.9333790330929557
"Fbr_{C3,3}",0.7621763422648216
"Fbr_{C5,3}",0.5846875424678306
"Fbr_{C4,3}",0.31387831286907186
"Fbr_{C7,3}",-0.19605965416120252
"Fbr_{C6,3}",1.6030715033336376
"Fbr_{C8,3}",-0.5064881545765422
"Fbr_{C9,3}",-0.024932025149213482
"Fbr_{C10,3}",-0.9230129922970818
"Fbr_{C11,3}",-0.2857541679824651
"Fbr_{C13-2,3}",-0.8823437289358049
"Fbr_{C12-1,3}",-1.299122140846649
"Fbr_{C15,3}",-1.0051528835006562
"Fbr_{C14,3}",-0.708441743764321
"Fbr_{C16,3}",-1.5254846075038526
"Fbr_{C17,3}",-1.8265806409308794
"Fbr_{C19,3}",-0.7025115627348922
"Fbr_{C18,3}",-1.5314147885332803
"Fbr_{C20,3}",-0.9965929591585324
"Fbr_{C21,3}",-1.3181405652730032
"Fbr_{C22,3}",-0.9198065838146195
"Fbr_{C23,3}",-1.361202031443664
"Fbr_{C24,3}",-0.11165459609776307
"Fbr_{C25-1,3}",-0.508338814033479
"Fbr_{C25-2,3}",-0.5083388140334693
"Fbr_{C26,3}",-0.7359403458387974
"Fbr_{C28,3}",-0.09579276131253689
"Fbr_{C27,3}",-0.935667200614891
"Fbr_{C30,3}",-0.424757956866995
"Fbr_{C29,3}",3.073443632704871
"Fbr_{C31-2,3}",-1.6042822075330283
"Fbr_{CB-1,3}",5.0
"Fbr_{C31-1,3}",-1.6042822075330283
"Fbr_{C32-2,3}",-0.47668239827556924
"Fbr_{C32-1,3}",-0.47668239827556436
"Fbr_{C33-2,3}",-1.0201885322825843
"Fbr_{C33-1,3}",-1.0201885322825843
"Fbr_{C34,3}",-0.6752420431330051
"Fbr_{C35,3}",2.8216757863472313
"Fbr_{CA-1,3}",2.8216757863472313
r_WE[101_WIND_2],0.0
r_WE[102_WIND_2],0.0
r_WE[103_WIND_2],0.0
r_WE[104_WIND_2],0.0
r_WE[105_WIND_2],0.0
r_WE[106_WIND_2],0.0
r_WE[107_WIND_2],0.0
r_WE[108_WIND_2],0.0
r_WE[109_WIND_2],0.0
r_WE[110_WIND_2],0.0
r_WE[111_WIND_2],0.0
r_WE[112_WIND_2],0.0
r_WE[113_WIND_2],0.0
r_WE[114_WIND_2],0.0
r_WE[115_WIND_2],0.0
r_WE[116_WIND_2],0.0
r_WE[117_WIND_2],0.0
r_WE[118_WIND_2],0.0
r_WE[119_WIND_2],0.0
r_WE[120_WIND_2],0.0
r_WE[121_WIND_2],0.0
r_WE[122_WIND_1],15.942756654058549
r_WE[122_WIND_2],0.0
r_WE[123_WIND_2],0.0
r_WE[124_WIND_2],0.0
r_WE[201_WIND_2],0.0
r_WE[202_WIND_2],0.0
r_WE[203_WIND_2],0.0
r_WE[204_WIND_2],0.0
r_WE[205_WIND_2],0.0
r_WE[206_WIND_2],0.0
r_WE[207_WIND_2],0.0
r_WE[208_WIND_2],0.0
r_WE[209_WIND_2],0.0
r_WE[210_WIND_2],0.0
r_WE[211_WIND_2],0.0
r_WE[212_WIND_2],0.0
r_WE[213_WIND_2],0.0
r_WE[214_WIND_2],0.0
r_WE[215_WIND_2],0.0
r_WE[216_WIND_2],28.202542356706484
r_WE[217_WIND_2],0.0
r_WE[218_WIND_2],0.0
r_WE[219_WIND_2],0.0
r_WE[220_WIND_2],0.0
r_WE[221_WIND_2],0.0
r_WE[222_WIND_2],0.0
r_WE[223_WIND_2],0.0
r_WE[224_WIND_2],0.0
r_WE[301_WIND_2],0.0
r_WE[302_WIND_2],0.0
r_WE[303_WIND_1],0.7852613933559075
r_WE[303_WIND_2],0.0
r_WE[304_WIND_2],0.0
r_WE[305_WIND_2],0.0
r_WE[306_WIND_2],0.0
r_WE[307_WIND_2],0.0
r_WE[308_WIND_2],0.0
r_WE[309_WIND_1],0.0
r_WE[309_WIND_2],0.0
r_WE[310_WIND_2],0.0
r_WE[311_WIND_2],0.0
r_WE[312_WIND_2],0.0
r_WE[313_WIND_2],0.0
r_WE[314_WIND_2],0.0
r_WE[315_WIND_2],0.0
r_WE[316_WIND_2],0.0
r_WE[317_WIND_1],9.733358809241306
r_WE[317_WIND_2],0.0
r_WE[318_WIND_2],0.0
r_WE[319_WIND_2],0.0
r_WE[320_WIND_2],0.0
r_WE[321_WIND_2],0.0
r_WE[322_WIND_2],0.0
r_WE[323_WIND_2],0.0
r_WE[324_WIND_2],0.0
r_WE[325_WIND_2],0.0
m_EE[101_STORAGE_1],0.0
m_EE[102_STORAGE_1],0.0
m_EE[103_STORAGE_1],0.0
m_EE[104_STORAGE_1],0.0
m_EE[105_STORAGE_1],0.0
m_EE[106_STORAGE_1],0.0
m_EE[107_STORAGE_1],0.0
m_EE[108_STORAGE_1],0.0
m_EE[109_STORAGE_1],0.0
m_EE[110_STORAGE_1],0.0
m_EE[111_STORAGE_1],0.0
m_EE[112_STORAGE_1],0.0
m_EE[113_STORAGE_1],0.0
m_EE[114_STORAGE_1],0.0
m_EE[115_STORAGE_1],0.0
m_EE[116_STORAGE_1],0.0
m_EE[117_STORAGE_1],0.0
m_EE[118_STORAGE_1],0.0
m_EE[119_STORAGE_1],0.0
m_EE[120_STORAGE_1],0.0
m_EE[121_STORAGE_1],0.0
m_EE[122_STORAGE_1],0.0
m_EE[123_STORAGE_1],0.0
m_EE[124_STORAGE_1],0.0
m_EE[201_STORAGE_1],0.0
m_EE[202_STORAGE_1],0.0
m_EE[203_STORAGE_1],0.0
m_EE[204_STORAGE_1],0.0
m_EE[205_STORAGE_1],0.0
m_EE[206_STORAGE_1],0.0
m_EE[207_STORAGE_1],0.0
m_EE[208_STORAGE_1],0.0
m_EE[209_STORAGE_1],0.0
m_EE[210_STORAGE_1],0.0
m_EE[211_STORAGE_1],0.0
m_EE[212_STORAGE_1],0.0
m_EE[213_STORAGE_1],0.0
m_EE[214_STORAGE_1],0.0
m_EE[215_STORAGE_1],0.0
m_EE[216_STORAGE_1],0.0
m_EE[217_STORAGE_1],0.0
m_EE[218_STORAGE_1],0.0
m_EE[219_STORAGE_1],0.0
m_EE[220_STORAGE_1],0.0
m_EE[221_STORAGE_1],0.0
m_EE[222_STORAGE_1],0.0
m_EE[223_STORAGE_1],0.0
m_EE[224_STORAGE_1],0.0
m_EE[301_STORAGE_1],0.0
m_EE[302_STORAGE_1],0.0
m_EE[303_STORAGE_1],0.0
m_EE[304_STORAGE_1],0.0
m_EE[305_STORAGE_1],0.0
m_EE[306_STORAGE_1],0.0
m_EE[307_STORAGE_1],0.0
m_EE[308_STORAGE_1],0.0
m_EE[309_STORAGE_1],0.0
m_EE[310_STORAGE_1],0.0
m_EE[311_STORAGE_1],0.0
m_EE[312_STORAGE_1],0.0
m_EE[313_STORAGE_1],0.0
m_EE[314_STORAGE_1],0.0
m_EE[315_STORAGE_1],0.0
m_EE[316_STORAGE_1],0.0
m_EE[317_STORAGE_1],0.0
m_EE[318_STORAGE_1],0.0
m_EE[319_STORAGE_1],0.0
m_EE[320_STORAGE_1],0.0
m_EE[321_STORAGE_1],0.0
m_EE[322_STORAGE_1],0.0
m_EE[323_STORAGE_1],0.0
m_EE[324_STORAGE_1],0.0
m_EE[325_STORAGE_1],0.0
"Pch_{101_STORAGE_1,1}",0.0
"Pch_{102_STORAGE_1,1}",0.0
"Pch_{103_STORAGE_1,1}",0.0
"Pch_{104_STORAGE_1,1}",0.0
"Pch_{105_STORAGE_1,1}",0.0
"Pch_{106_STORAGE_1,1}",0.0
"Pch_{107_STORAGE_1,1}",0.0
"Pch_{108_STORAGE_1,1}",0.0
"Pch_{109_STORAGE_1,1}",0.0
"Pch_{110_STORAGE_1,1}",0.0
"Pch_{111_STORAGE_1,1}",0.0
"Pch_{112_STORAGE_1,1}",0.0
"Pch_{113_STORAGE_1,1}",0.0
"Pch_{114_STORAGE_1,1}",0.0
"Pch_{115_STORAGE_1,1}",0.0
"Pch_{116_STORAGE_1,1}",0.0
"Pch_{117_STORAGE_1,1}",0.0
"Pch_{118_STORAGE_1,1}",0.0
"Pch_{119_STORAGE_1,1}",0.0
"Pch_{120_STORAGE_1,1}",0.0
"Pch_{121_STORAGE_1,1}",0.0
"Pch_{122_STORAGE_1,1}",0.0
"Pch_{123_STORAGE_1,1}",0.0
"Pch_{124_STORAGE_1,1}",0.0
"Pch_{201_STORAGE_1,1}",0.0
"Pch_{202_STORAGE_1,1}",0.0
"Pch_{203_STORAGE_1,1}",0.0
"Pch_{204_STORAGE_1,1}",0.0
"Pch_{205_STORAGE_1,1}",0.0
"Pch_{206_STORAGE_1,1}",0.0
"Pch_{207_STORAGE_1,1}",0.0
"Pch_{208_STORAGE_1,1}",0.0
"Pch_{209_STORAGE_1,1}",0.0
"Pch_{210_STORAGE_1,1}",0.0
"Pch_{211_STORAGE_1,1}",0.0
"Pch_{212_STORAGE_1,1}",0.0
"Pch_{213_STORAGE_1,1}",0.0
"Pch_{214_STORAGE_1,1}",0.0
"Pch_{215_STORAGE_1,1}",0.0
"Pch_{216_STORAGE_1,1}",0.0
"Pch_{217_STORAGE_1,1}",0.0
"Pch_{218_STORAGE_1,1}",0.0
"Pch_{219_STORAGE_1,1}",0.0
"Pch_{220_STORAGE_1,1}",0.0
"Pch_{221_STORAGE_1,1}",0.0
"Pch_{222_STORAGE_1,1}",0.0
"Pch_{223_STORAGE_1,1}",0.0
"Pch_{224_STORAGE_1,1}",0.0
"Pch_{301_STORAGE_1,1}",0.0
"Pch_{302_STORAGE_1,1}",0.0
"Pch_{303_STORAGE_1,1}",0.0
"Pch_{304_STORAGE_1,1}",0.0
"Pch_{305_STORAGE_1,1}",0.0
"Pch_{306_STORAGE_1,1}",0.0
"Pch_{307_STORAGE_1,1}",0.0
"Pch_{308_STORAGE_1,1}",0.0
"Pch_{309_STORAGE_1,1}",0.0
"Pch_{310_STORAGE_1,1}",0.0
"Pch_{311_STORAGE_1,1}",0.0
"Pch_{312_STORAGE_1,1}",0.0
"Pch_{313_STORAGE_1,1}",0.0
"Pch_{314_STORAGE_1,1}",0.0
"Pch_{315_STORAGE_1,1}",0.0
"Pch_{316_STORAGE_1,1}",0.0
"Pch_{317_STORAGE_1,1}",0.0
"Pch_{318_STORAGE_1,1}",0.0
"Pch_{319_STORAGE_1,1}",0.0
"Pch_{320_STORAGE_1,1}",0.0
"Pch_{321_STORAGE_1,1}",0.0
"Pch_{322_STORAGE_1,1}",0.0
"Pch_{323_STORAGE_1,1}",0.0
"Pch_{324_STORAGE_1,1}",0.0
"Pch_{325_STORAGE_1,1}",0.0
"Pdis_{101_STORAGE_1,1}",0.0
"Pdis_{102_STORAGE_1,1}",0.0
"Pdis_{103_STORAGE_1,1}",0.0
"Pdis_{104_STORAGE_1,1}",0.0
"Pdis_{105_STORAGE_1,1}",0.0
"Pdis_{106_STORAGE_1,1}",0.0
"Pdis_{107_STORAGE_1,1}",0.0
"Pdis_{108_STORAGE_1,1}",0.0
"Pdis_{109_STORAGE_1,1}",0.0
"Pdis_{110_STORAGE_1,1}",0.0
"Pdis_{111_STORAGE_1,1}",0.0
"Pdis_{112_STORAGE_1,1}",0.0
"Pdis_{113_STORAGE_1,1}",0.0
"Pdis_{114_STORAGE_1,1}",0.0
"Pdis_{115_STORAGE_1,1}",0.0
"Pdis_{116_STORAGE_1,1}",0.0
"Pdis_{117_STORAGE_1,1}",0.0
"Pdis_{118_STORAGE_1,1}",0.0
"Pdis_{119_STORAGE_1,1}",0.0
"Pdis_{120_STORAGE_1,1}",0.0
"Pdis_{121_STORAGE_1,1}",0.0
"Pdis_{122_STORAGE_1,1}",0.0
"Pdis_{123_STORAGE_1,1}",0.0
"Pdis_{124_STORAGE_1,1}",0.0
"Pdis_{201_STORAGE_1,1}",0.0
"Pdis_{202_STORAGE_1,1}",0.0
"Pdis_{203_STORAGE_1,1}",0.0
"Pdis_{204_STORAGE_1,1}",0.0
"Pdis_{205_STORAGE_1,1}",0.0
"Pdis_{206_STORAGE_1,1}",0.0
"Pdis_{207_STORAGE_1,1}",0.0
"Pdis_{208_STORAGE_1,1}",0.0
"Pdis_{209_STORAGE_1,1}",0.0
"Pdis_{210_STORAGE_1,1}",0.0
"Pdis_{211_STORAGE_1,1}",0.0
"Pdis_{212_STORAGE_1,1}",0.0
"Pdis_{213_STORAGE_1,1}",0.0
"Pdis_{214_STORAGE_1,1}",0.0
"Pdis_{215_STORAGE_1,1}",0.0
"Pdis_{216_STORAGE_1,1}",0.0
"Pdis_{217_STORAGE_1,1}",0.0
"Pdis_{218_STORAGE_1,1}",0.0
"Pdis_{219_STORAGE_1,1}",0.0
"Pdis_{220_STORAGE_1,1}",0.0
"Pdis_{221_STORAGE_1,1}",0.0
"Pdis_{222_STORAGE_1,1}",0.0
"Pdis_{223_STORAGE_1,1}",0.0
"Pdis_{224_STORAGE_1,1}",0.0
"Pdis_{301_STORAGE_1,1}",0.0
"Pdis_{302_STORAGE_1,1}",0.0
"Pdis_{303_STORAGE_1,1}",0.0
"Pdis_{304_STORAGE_1,1}",0.0
"Pdis_{305_STORAGE_1,1}",0.0
"Pdis_{306_STORAGE_1,1}",0.0
"Pdis_{307_STORAGE_1,1}",0.0
"Pdis_{308_STORAGE_1,1}",0.0
"Pdis_{309_STORAGE_1,1}",0.0
"Pdis_{310_STORAGE_1,1}",0.0
"Pdis_{311_STORAGE_1,1}",0.0
"Pdis_{312_STORAGE_1,1}",0.0
"Pdis_{313_STORAGE_1,1}",0.0
"Pdis_{314_STORAGE_1,1}",0.0
"Pdis_{315_STORAGE_1,1}",0.0
"Pdis_{316_STORAGE_1,1}",0.0
"Pdis_{317_STORAGE_1,1}",0.0
"Pdis_{318_STORAGE_1,1}",0.0
"Pdis_{319_STORAGE_1,1}",0.0
"Pdis_{320_STORAGE_1,1}",0.0
"Pdis_{321_STORAGE_1,1}",0.0
"Pdis_{322_STORAGE_1,1}",0.0
"Pdis_{323_STORAGE_1,1}",0.0
"Pdis_{324_STORAGE_1,1}",0.0
"Pdis_{325_STORAGE_1,1}",0.0
"Est_{101_STORAGE_1,1}",0.0
"Est_{102_STORAGE_1,1}",0.0
"Est_{103_STORAGE_1,1}",0.0
"Est_{104_STORAGE_1,1}",0.0
"Est_{105_STORAGE_1,1}",0.0
"Est_{106_STORAGE_1,1}",0.0
"Est_{107_STORAGE_1,1}",0.0
"Est_{108_STORAGE_1,1}",0.0
"Est_{109_STORAGE_1,1}",0.0
"Est_{110_STORAGE_1,1}",0.0
"Est_{111_STORAGE_1,1}",0.0
"Est_{112_STORAGE_1,1}",0.0
"Est_{113_STORAGE_1,1}",0.0
"Est_{114_STORAGE_1,1}",0.0
"Est_{115_STORAGE_1,1}",0.0
"Est_{116_STORAGE_1,1}",0.0
"Est_{117_STORAGE_1,1}",0.0
"Est_{118_STORAGE_1,1}",0.0
"Est_{119_STORAGE_1,1}",0.0
"Est_{120_STORAGE_1,1}",0.0
"Est_{121_STORAGE_1,1}",0.0
"Est_{122_STORAGE_1,1}",0.0
"Est_{123_STORAGE_1,1}",0.0
"Est_{124_STORAGE_1,1}",0.0
"Est_{201_STORAGE_1,1}",0.0
"Est_{202_STORAGE_1,1}",0.0
"Est_{203_STORAGE_1,1}",0.0
"Est_{204_STORAGE_1,1}",0.0
"Est_{205_STORAGE_1,1}",0.0
"Est_{206_STORAGE_1,1}",0.0
"Est_{207_STORAGE_1,1}",0.0
"Est_{208_STORAGE_1,1}",0.0
"Est_{209_STORAGE_1,1}",0.0
"Est_{210_STORAGE_1,1}",0.0
"Est_{211_STORAGE_1,1}",0.0
"Est_{212_STORAGE_1,1}",0.0
"Est_{213_STORAGE_1,1}",0.0
"Est_{214_STORAGE_1,1}",0.0
"Est_{215_STORAGE_1,1}",0.0
"Est_{216_STORAGE_1,1}",0.0
"Est_{217_STORAGE_1,1}",0.0
"Est_{218_STORAGE_1,1}",0.0
"Est_{219_STORAGE_1,1}",0.0
"Est_{220_STORAGE_1,1}",0.0
"Est_{221_STORAGE_1,1}",0.0
"Est_{222_STORAGE_1,1}",0.0
"Est_{223_STORAGE_1,1}",0.0
"Est_{224_STORAGE_1,1}",0.0
"Est_{301_STORAGE_1,1}",0.0
"Est_{302_STORAGE_1,1}",0.0
"Est_{303_STORAGE_1,1}",0.0
"Est_{304_STORAGE_1,1}",0.0
"Est_{305_STORAGE_1,1}",0.0
"Est_{306_STORAGE_1,1}",0.0
"Est_{307_STORAGE_1,1}",0.0
"Est_{308_STORAGE_1,1}",0.0
"Est_{309_STORAGE_1,1}",0.0
"Est_{310_STORAGE_1,1}",0.0
"Est_{311_STORAGE_1,1}",0.0
"Est_{312_STORAGE_1,1}",0.0
"Est_{313_STORAGE_1,1}",0.0
"Est_{314_STORAGE_1,1}",0.0
"Est_{315_STORAGE_1,1}",0.0
"Est_{316_STORAGE_1,1}",0.0
"Est_{317_STORAGE_1,1}",0.0
"Est_{318_STORAGE_1,1}",0.0
"Est_{319_STORAGE_1,1}",0.0
"Est_{320_STORAGE_1,1}",0.0
"Est_{321_STORAGE_1,1}",0.0
"Est_{322_STORAGE_1,1}",0.0
"Est_{323_STORAGE_1,1}",0.0
"Est_{324_STORAGE_1,1}",0.0
"Est_{325_STORAGE_1,1}",0.0
"Pch_{101_STORAGE_1,2}",0.0
"Pch_{102_STORAGE_1,2}",0.0
"Pch_{103_STORAGE_1,2}",0.0
"Pch_{104_STORAGE_1,2}",0.0
"Pch_{105_STORAGE_1,2}",0.0
"Pch_{106_STORAGE_1,2}",0.0
"Pch_{107_STORAGE_1,2}",0.0
"Pch_{108_STORAGE_1,2}",0.0
"Pch_{109_STORAGE_1,2}",0.0
"Pch_{110_STORAGE_1,2}",0.0
"Pch_{111_STORAGE_1,2}",0.0
"Pch_{112_STORAGE_1,2}",0.0
"Pch_{113_STORAGE_1,2}",0.0
"Pch_{114_STORAGE_1,2}",0.0
"Pch_{115_STORAGE_1,2}",0.0
"Pch_{116_STORAGE_1,2}",0.0
"Pch_{117_STORAGE_1,2}",0.0
"Pch_{118_STORAGE_1,2}",0.0
"Pch_{119_STORAGE_1,2}",0.0
"Pch_{120_STORAGE_1,2}",0.0
"Pch_{121_STORAGE_1,2}",0.0
"Pch_{122_STORAGE_1,2}",0.0
"Pch_{123_STORAGE_1,2}",0.0
"Pch_{124_STORAGE_1,2}",0.0
"Pch_{201_STORAGE_1,2}",0.0
"Pch_{202_STORAGE_1,2}",0.0
"Pch_{203_STORAGE_1,2}",0.0
"Pch_{204_STORAGE_1,2}",0.0
"Pch_{205_STORAGE_1,2}",0.0
"Pch_{206_STORAGE_1,2}",0.0
"Pch_{207_STORAGE_1,2}",0.0
"Pch_{208_STORAGE_1,2}",0.0
"Pch_{209_STORAGE_1,2}",0.0
"Pch_{210_STORAGE_1,2}",0.0
"Pch_{211_STORAGE_1,2}",0.0
"Pch_{212_STORAGE_1,2}",0.0
"Pch_{213_STORAGE_1,2}",0.0
"Pch_{214_STORAGE_1,2}",0.0
"Pch_{215_STORAGE_1,2}",0.0
"Pch_{216_STORAGE_1,2}",0.0
"Pch_{217_STORAGE_1,2}",0.0
"Pch_{218_STORAGE_1,2}",0.0
"Pch_{219_STORAGE_1,2}",0.0
"Pch_{220_STORAGE_1,2}",0.0
"Pch_{221_STORAGE_1,2}",0.0
"Pch_{222_STORAGE_1,2}",0.0
"Pch_{223_STORAGE_1,2}",0.0
"Pch_{224_STORAGE_1,2}",0.0
"Pch_{301_STORAGE_1,2}",0.0
"Pch_{302_STORAGE_1,2}",0.0
"Pch_{303_STORAGE_1,2}",0.0
"Pch_{304_STORAGE_1,2}",0.0
"Pch_{305_STORAGE_1,2}",0.0
"Pch_{306_STORAGE_1,2}",0.0
"Pch_{307_STORAGE_1,2}",0.0
"Pch_{308_STORAGE_1,2}",0.0
"Pch_{309_STORAGE_1,2}",0.0
"Pch_{310_STORAGE_1,2}",0.0
"Pch_{311_STORAGE_1,2}",0.0
"Pch_{312_STORAGE_1,2}",0.0
"Pch_{313_STORAGE_1,2}",0.0
"Pch_{314_STORAGE_1,2}",0.0
"Pch_{315_STORAGE_1,2}",0.0
"Pch_{316_STORAGE_1,2}",0.0
"Pch_{317_STORAGE_1,2}",0.0
"Pch_{318_STORAGE_1,2}",0.0
"Pch_{319_STORAGE_1,2}",0.0
"Pch_{320_STORAGE_1,2}",0.0
"Pch_{321_STORAGE_1,2}",0.0
"Pch_{322_STORAGE_1,2}",0.0
"Pch_{323_STORAGE_1,2}",0.0
"Pch_{324_STORAGE_1,2}",0.0
"Pch_{325_STORAGE_1,2}",0.0
"Pdis_{101_STORAGE_1,2}",0.0
"Pdis_{102_STORAGE_1,2}",0.0
"Pdis_{103_STORAGE_1,2}",0.0
"Pdis_{104_STORAGE_1,2}",0.0
"Pdis_{105_STORAGE_1,2}",0.0
"Pdis_{106_STORAGE_1,2}",0.0
"Pdis_{107_STORAGE_1,2}",0.0
"Pdis_{108_STORAGE_1,2}",0.0
"Pdis_{109_STORAGE_1,2}",0.0
"Pdis_{110_STORAGE_1,2}",0.0
"Pdis_{111_STORAGE_1,2}",0.0
"Pdis_{112_STORAGE_1,2}",0.0
"Pdis_{113_STORAGE_1,2}",0.0
"Pdis_{114_STORAGE_1,2}",0.0
"Pdis_{115_STORAGE_1,2}",0.0
"Pdis_{116_STORAGE_1,2}",0.0
"Pdis_{117_STORAGE_1,2}",0.0
"Pdis_{118_STORAGE_1,2}",0.0
"Pdis_{119_STORAGE_1,2}",0.0
"Pdis_{120_STORAGE_1,2}",0.0
"Pdis_{121_STORAGE_1,2}",0.0
"Pdis_{122_STORAGE_1,2}",0.0
"Pdis_{123_STORAGE_1,2}",0.0
"Pdis_{124_STORAGE_1,2}",0.0
"Pdis_{201_STORAGE_1,2}",0.0
"Pdis_{202_STORAGE_1,2}",0.0
"Pdis_{203_STORAGE_1,2}",0.0
"Pdis_{204_STORAGE_1,2}",0.0
"Pdis_{205_STORAGE_1,2}",0.0
"Pdis_{206_STORAGE_1,2}",0.0
"Pdis_{207_STORAGE_1,2}",0.0
"Pdis_{208_STORAGE_1,2}",0.0
"Pdis_{209_STORAGE_1,2}",0.0
"Pdis_{210_STORAGE_1,2}",0.0
"Pdis_{211_STORAGE_1,2}",0.0
"Pdis_{212_STORAGE_1,2}",0.0
"Pdis_{213_STORAGE_1,2}",0.0
"Pdis_{214_STORAGE_1,2}",0.0
"Pdis_{215_STORAGE_1,2}",0.0
"Pdis_{216_STORAGE_1,2}",0.0
"Pdis_{217_STORAGE_1,2}",0.0
"Pdis_{218_STORAGE_1,2}",0.0
"Pdis_{219_STORAGE_1,2}",0.0
"Pdis_{220_STORAGE_1,2}",0.0
"Pdis_{221_STORAGE_1,2}",0.0
"Pdis_{222_STORAGE_1,2}",0.0
"Pdis_{223_STORAGE_1,2}",0.0
"Pdis_{224_STORAGE_1,2}",0.0
"Pdis_{301_STORAGE_1,2}",0.0
"Pdis_{302_STORAGE_1,2}",0.0
"Pdis_{303_STORAGE_1,2}",0.0
"Pdis_{304_STORAGE_1,2}",0.0
"Pdis_{305_STORAGE_1,2}",0.0
"Pdis_{306_STORAGE_1,2}",0.0
"Pdis_{307_STORAGE_1,2}",0.0
"Pdis_{308_STORAGE_1,2}",0.0
"Pdis_{309_STORAGE_1,2}",0.0
"Pdis_{310_STORAGE_1,2}",0.0
"Pdis_{311_STORAGE_1,2}",0.0
"Pdis_{312_STORAGE_1,2}",0.0
"Pdis_{313_STORAGE_1,2}",0.0
"Pdis_{314_STORAGE_1,2}",0.0
"Pdis_{315_STORAGE_1,2}",0.0
"Pdis_{316_STORAGE_1,2}",0.0
"Pdis_{317_STORAGE_1,2}",0.0
"Pdis_{318_STORAGE_1,2}",0.0
"Pdis_{319_STORAGE_1,2}",0.0
"Pdis_{320_STORAGE_1,2}",0.0
"Pdis_{321_STORAGE_1,2}",0.0
"Pdis_{322_STORAGE_1,2}",0.0
"Pdis_{323_STORAGE_1,2}",0.0
"Pdis_{324_STORAGE_1,2}",0.0
"Pdis_{325_STORAGE_1,2}",0.0
"Est_{101_STORAGE_1,2}",0.0
"Est_{102_STORAGE_1,2}",0.0
"Est_{103_STORAGE_1,2}",0.0
"Est_{104_STORAGE_1,2}",0.0
"Est_{105_STORAGE_1,2}",0.0
"Est_{106_STORAGE_1,2}",0.0
"Est_{107_STORAGE_1,2}",0.0
"Est_{108_STORAGE_1,2}",0.0
"Est_{109_STORAGE_1,2}",0.0
"Est_{110_STORAGE_1,2}",0.0
"Est_{111_STORAGE_1,2}",0.0
"Est_{112_STORAGE_1,2}",0.0
"Est_{113_STORAGE_1,2}",0.0
"Est_{114_STORAGE_1,2}",0.0
"Est_{115_STORAGE_1,2}",0.0
"Est_{116_STORAGE_1,2}",0.0
"Est_{117_STORAGE_1,2}",0.0
"Est_{118_STORAGE_1,2}",0.0
"Est_{119_STORAGE_1,2}",0.0
"Est_{120_STORAGE_1,2}",0.0
"Est_{121_STORAGE_1,2}",0.0
"Est_{122_STORAGE_1,2}",0.0
"Est_{123_STORAGE_1,2}",0.0
"Est_{124_STORAGE_1,2}",0.0
"Est_{201_STORAGE_1,2}",0.0
"Est_{202_STORAGE_1,2}",0.0
"Est_{203_STORAGE_1,2}",0.0
"Est_{204_STORAGE_1,2}",0.0
"Est_{205_STORAGE_1,2}",0.0
"Est_{206_STORAGE_1,2}",0.0
"Est_{207_STORAGE_1,2}",0.0
"Est_{208_STORAGE_1,2}",0.0
"Est_{209_STORAGE_1,2}",0.0
"Est_{210_STORAGE_1,2}",0.0
"Est_{211_STORAGE_1,2}",0.0
"Est_{212_STORAGE_1,2}",0.0
"Est_{213_STORAGE_1,2}",0.0
"Est_{214_STORAGE_1,2}",0.0
"Est_{215_STORAGE_1,2}",0.0
"Est_{216_STORAGE_1,2}",0.0
"Est_{217_STORAGE_1,2}",0.0
"Est_{218_STORAGE_1,2}",0.0
"Est_{219_STORAGE_1,2}",0.0
"Est_{220_STORAGE_1,2}",0.0
"Est_{221_STORAGE_1,2}",0.0
"Est_{222_STORAGE_1,2}",0.0
"Est_{223_STORAGE_1,2}",0.0
"Est_{224_STORAGE_1,2}",0.0
"Est_{301_STORAGE_1,2}",0.0
"Est_{302_STORAGE_1,2}",0.0
"Est_{303_STORAGE_1,2}",0.0
"Est_{304_STORAGE_1,2}",0.0
"Est_{305_STORAGE_1,2}",0.0
"Est_{306_STORAGE_1,2}",0.0
"Est_{307_STORAGE_1,2}",0.0
"Est_{308_STORAGE_1,2}",0.0
"Est_{309_STORAGE_1,2}",0.0
"Est_{310_STORAGE_1,2}",0.0
"Est_{311_STORAGE_1,2}",0.0
"Est_{312_STORAGE_1,2}",0.0
"Est_{313_STORAGE_1,2}",0.0
"Est_{314_STORAGE_1,2}",0.0
"Est_{315_STORAGE_1,2}",0.0
"Est_{316_STORAGE_1,2}",0.0
"Est_{317_STORAGE_1,2}",0.0
"Est_{318_STORAGE_1,2}",0.0
"Est_{319_STORAGE_1,2}",0.0
"Est_{320_STORAGE_1,2}",0.0
"Est_{321_STORAGE_1,2}",0.0
"Est_{322_STORAGE_1,2}",0.0
"Est_{323_STORAGE_1,2}",0.0
"Est_{324_STORAGE_1,2}",0.0
"Est_{325_STORAGE_1,2}",0.0
"Pch_{101_STORAGE_1,3}",0.0
"Pch_{102_STORAGE_1,3}",0.0
"Pch_{103_STORAGE_1,3}",0.0
"Pch_{104_STORAGE_1,3}",0.0
"Pch_{105_STORAGE_1,3}",0.0
"Pch_{106_STORAGE_1,3}",0.0
"Pch_{107_STORAGE_1,3}",0.0
"Pch_{108_STORAGE_1,3}",0.0
"Pch_{109_STORAGE_1,3}",0.0
"Pch_{110_STORAGE_1,3}",0.0
"Pch_{111_STORAGE_1,3}",0.0
"Pch_{112_STORAGE_1,3}",0.0
"Pch_{113_STORAGE_1,3}",0.0
"Pch_{114_STORAGE_1,3}",0.0
"Pch_{115_STORAGE_1,3}",0.0
"Pch_{116_STORAGE_1,3}",0.0
"Pch_{117_STORAGE_1,3}",0.0
"Pch_{118_STORAGE_1,3}",0.0
"Pch_{119_STORAGE_1,3}",0.0
"Pch_{120_STORAGE_1,3}",0.0
"Pch_{121_STORAGE_1,3}",0.0
"Pch_{122_STORAGE_1,3}",0.0
"Pch_{123_STORAGE_1,3}",0.0
"Pch_{124_STORAGE_1,3}",0.0
"Pch_{201_STORAGE_1,3}",0.0
"Pch_{202_STORAGE_1,3}",0.0
"Pch_{203_STORAGE_1,3}",0.0
"Pch_{204_STORAGE_1,3}",0.0
"Pch_{205_STORAGE_1,3}",0.0
"Pch_{206_STORAGE_1,3}",0.0
"Pch_{207_STORAGE_1,3}",0.0
"Pch_{208_STORAGE_1,3}",0.0
"Pch_{209_STORAGE_1,3}",0.0
"Pch_{210_STORAGE_1,3}",0.0
"Pch_{211_STORAGE_1,3}",0.0
"Pch_{212_STORAGE_1,3}",0.0
"Pch_{213_STORAGE_1,3}",0.0
"Pch_{214_STORAGE_1,3}",0.0
"Pch_{215_STORAGE_1,3}",0.0
"Pch_{216_STORAGE_1,3}",0.0
"Pch_{217_STORAGE_1,3}",0.0
"Pch_{218_STORAGE_1,3}",0.0
"Pch_{219_STORAGE_1,3}",0.0
"Pch_{220_STORAGE_1,3}",0.0
"Pch_{221_STORAGE_1,3}",0.0
"Pch_{222_STORAGE_1,3}",0.0
"Pch_{223_STORAGE_1,3}",0.0
"Pch_{224_STORAGE_1,3}",0.0
"Pch_{301_STORAGE_1,3}",0.0
"Pch_{302_STORAGE_1,3}",0.0
"Pch_{303_STORAGE_1,3}",0.0
"Pch_{304_STORAGE_1,3}",0.0
"Pch_{305_STORAGE_1,3}",0.0
"Pch_{306_STORAGE_1,3}",0.0
"Pch_{307_STORAGE_1,3}",0.0
"Pch_{308_STORAGE_1,3}",0.0
"Pch_{309_STORAGE_1,3}",0.0
"Pch_{310_STORAGE_1,3}",0.0
"Pch_{311_STORAGE_1,3}",0.0
"Pch_{312_STORAGE_1,3}",0.0
"Pch_{313_STORAGE_1,3}",0.0
"Pch_{314_STORAGE_1,3}",0.0
"Pch_{315_STORAGE_1,3}",0.0
"Pch_{316_STORAGE_1,3}",0.0
"Pch_{317_STORAGE_1,3}",0.0
"Pch_{318_STORAGE_1,3}",0.0
"Pch_{319_STORAGE_1,3}",0.0
"Pch_{320_STORAGE_1,3}",0.0
"Pch_{321_STORAGE_1,3}",0.0
"Pch_{322_STORAGE_1,3}",0.0
"Pch_{323_STORAGE_1,3}",0.0
"Pch_{324_STORAGE_1,3}",0.0
"Pch_{325_STORAGE_1,3}",0.0
"Pdis_{101_STORAGE_1,3}",0.0
"Pdis_{102_STORAGE_1,3}",0.0
"Pdis_{103_STORAGE_1,3}",0.0
"Pdis_{104_STORAGE_1,3}",0.0
"Pdis_{105_STORAGE_1,3}",0.0
"Pdis_{106_STORAGE_1,3}",0.0
"Pdis_{107_STORAGE_1,3}",0.0
"Pdis_{108_STORAGE_1,3}",0.0
"Pdis_{109_STORAGE_1,3}",0.0
"Pdis_{110_STORAGE_1,3}",0.0
"Pdis_{111_STORAGE_1,3}",0.0
"Pdis_{112_STORAGE_1,3}",0.0
"Pdis_{113_STORAGE_1,3}",0.0
"Pdis_{114_STORAGE_1,3}",0.0
"Pdis_{115_STORAGE_1,3}",0.0
"Pdis_{116_STORAGE_1,3}",0.0
"Pdis_{117_STORAGE_1,3}",0.0
"Pdis_{118_STORAGE_1,3}",0.0
"Pdis_{119_STORAGE_1,3}",0.0
"Pdis_{120_STORAGE_1,3}",0.0
"Pdis_{121_STORAGE_1,3}",0.0
"Pdis_{122_STORAGE_1,3}",0.0
"Pdis_{123_STORAGE_1,3}",0.0
"Pdis_{124_STORAGE_1,3}",0.0
"Pdis_{201_STORAGE_1,3}",0.0
"Pdis_{202_STORAGE_1,3}",0.0
"Pdis_{203_STORAGE_1,3}",0.0
"Pdis_{204_STORAGE_1,3}",0.0
"Pdis_{205_STORAGE_1,3}",0.0
"Pdis_{206_STORAGE_1,3}",0.0
"Pdis_{207_STORAGE_1,3}",0.0
"Pdis_{208_STORAGE_1,3}",0.0
"Pdis_{209_STORAGE_1,3}",0.0
"Pdis_{210_STORAGE_1,3}",0.0
"Pdis_{211_STORAGE_1,3}",0.0
"Pdis_{212_STORAGE_1,3}",0.0
"Pdis_{213_STORAGE_1,3}",0.0
"Pdis_{214_STORAGE_1,3}",0.0
"Pdis_{215_STORAGE_1,3}",0.0
"Pdis_{216_STORAGE_1,3}",0.0
"Pdis_{217_STORAGE_1,3}",0.0
"Pdis_{218_STORAGE_1,3}",0.0
"Pdis_{219_STORAGE_1,3}",0.0
"Pdis_{220_STORAGE_1,3}",0.0
"Pdis_{221_STORAGE_1,3}",0.0
"Pdis_{222_STORAGE_1,3}",0.0
"Pdis_{223_STORAGE_1,3}",0.0
"Pdis_{224_STORAGE_1,3}",0.0
"Pdis_{301_STORAGE_1,3}",0.0
"Pdis_{302_STORAGE_1,3}",0.0
"Pdis_{303_STORAGE_1,3}",0.0
"Pdis_{304_STORAGE_1,3}",0.0
"Pdis_{305_STORAGE_1,3}",0.0
"Pdis_{306_STORAGE_1,3}",0.0
"Pdis_{307_STORAGE_1,3}",0.0
"Pdis_{308_STORAGE_1,3}",0.0
"Pdis_{309_STORAGE_1,3}",0.0
"Pdis_{310_STORAGE_1,3}",0.0
"Pdis_{311_STORAGE_1,3}",0.0
"Pdis_{312_STORAGE_1,3}",0.0
"Pdis_{313_STORAGE_1,3}",0.0
"Pdis_{314_STORAGE_1,3}",0.0
"Pdis_{315_STORAGE_1,3}",0.0
"Pdis_{316_STORAGE_1,3}",0.0
"Pdis_{317_STORAGE_1,3}",0.0
"Pdis_{318_STORAGE_1,3}",0.0
"Pdis_{319_STORAGE_1,3}",0.0
"Pdis_{320_STORAGE_1,3}",0.0
"Pdis_{321_STORAGE_1,3}",0.0
"Pdis_{322_STORAGE_1,3}",0.0
"Pdis_{323_STORAGE_1,3}",0.0
"Pdis_{324_STORAGE_1,3}",0.0
"Pdis_{325_STORAGE_1,3}",0.0
"Est_{101_STORAGE_1,3}",0.0
"Est_{102_STORAGE_1,3}",0.0
"Est_{103_STORAGE_1,3}",0.0
"Est_{104_STORAGE_1,3}",0.0
"Est_{105_STORAGE_1,3}",0.0
"Est_{106_STORAGE_1,3}",0.0
"Est_{107_STORAGE_1,3}",0.0
"Est_{108_STORAGE_1,3}",0.0
"Est_{109_STORAGE_1,3}",0.0
"Est_{110_STORAGE_1,3}",0.0
"Est_{111_STORAGE_1,3}",0.0
"Est_{112_STORAGE_1,3}",0.0
"Est_{113_STORAGE_1,3}",0.0
"Est_{114_STORAGE_1,3}",0.0
"Est_{115_STORAGE_1,3}",0.0
"Est_{116_STORAGE_1,3}",0.0
"Est_{117_STORAGE_1,3}",0.0
"Est_{118_STORAGE_1,3}",0.0
"Est_{119_STORAGE_1,3}",0.0
"Est_{120_STORAGE_1,3}",0.0
"Est_{121_STORAGE_1,3}",0.0
"Est_{122_STORAGE_1,3}",0.0
"Est_{123_STORAGE_1,3}",0.0
"Est_{124_STORAGE_1,3}",0.0
"Est_{201_STORAGE_1,3}",0.0
"Est_{202_STORAGE_1,3}",0.0
"Est_{203_STORAGE_1,3}",0.0
"Est_{204_STORAGE_1,3}",0.0
"Est_{205_STORAGE_1,3}",0.0
"Est_{206_STORAGE_1,3}",0.0
"Est_{207_STORAGE_1,3}",0.0
"Est_{208_STORAGE_1,3}",0.0
"Est_{209_STORAGE_1,3}",0.0
"Est_{210_STORAGE_1,3}",0.0
"Est_{211_STORAGE_1,3}",0.0
"Est_{212_STORAGE_1,3}",0.0
"Est_{213_STORAGE_1,3}",0.0
"Est_{214_STORAGE_1,3}",0.0
"Est_{215_STORAGE_1,3}",0.0
"Est_{216_STORAGE_1,3}",0.0
"Est_{217_STORAGE_1,3}",0.0
"Est_{218_STORAGE_1,3}",0.0
"Est_{219_STORAGE_1,3}",0.0
"Est_{220_STORAGE_1,3}",0.0
"Est_{221_STORAGE_1,3}",0.0
"Est_{222_STORAGE_1,3}",0.0
"Est_{223_STORAGE_1,3}",0.0
"Est_{224_STORAGE_1,3}",0.0
"Est_{301_STORAGE_1,3}",0.0
"Est_{302_STORAGE_1,3}",0.0
"Est_{303_STORAGE_1,3}",0.0
"Est_{304_STORAGE_1,3}",0.0
"Est_{305_STORAGE_1,3}",0.0
"Est_{306_STORAGE_1,3}",0.0
"Est_{307_STORAGE_1,3}",0.0
"Est_{308_STORAGE_1,3}",0.0
"Est_{309_STORAGE_1,3}",0.0
"Est_{310_STORAGE_1,3}",0.0
"Est_{311_STORAGE_1,3}",0.0
"Est_{312_STORAGE_1,3}",0.0
"Est_{313_STORAGE_1,3}",0.0
"Est_{314_STORAGE_1,3}",0.0
"Est_{315_STORAGE_1,3}",0.0
"Est_{316_STORAGE_1,3}",0.0
"Est_{317_STORAGE_1,3}",0.0
"Est_{318_STORAGE_1,3}",0.0
"Est_{319_STORAGE_1,3}",0.0
"Est_{320_STORAGE_1,3}",0.0
"Est_{321_STORAGE_1,3}",0.0
"Est_{322_STORAGE_1,3}",0.0
"Est_{323_STORAGE_1,3}",0.0
"Est_{324_STORAGE_1,3}",0.0
"Est_{325_STORAGE_1,3}",0.0
"LOL_{Abel,1}",0.0
"OL_{Abel,1}",0.0
"LOL_{Adams,1}",0.0
"OL_{Adams,1}",0.0
"LOL_{Adler,1}",0.0
"OL_{Adler,1}",0.0
"LOL_{Agricola,1}",0.0
"OL_{Agricola,1}",0.0
"LOL_{Aiken,1}",0.0
"OL_{Aiken,1}",0.0
"LOL_{Alber,1}",0.0
"OL_{Alber,1}",0.0
"LOL_{Alder,1}",0.0
"OL_{Alder,1}",0.0
"LOL_{Alger,1}",0.0
"OL_{Alger,1}",0.0
"LOL_{Ali,1}",0.0
"OL_{Ali,1}",0.0
"LOL_{Allen,1}",0.0
"OL_{Allen,1}",0.0
"LOL_{Anna,1}",0.0
"OL_{Anna,1}",0.0
"LOL_{Archer,1}",0.0
"OL_{Archer,1}",0.0
"LOL_{Arne,1}",0.0
"OL_{Arne,1}",0.0
"LOL_{Arnold,1}",0.0
"OL_{Arnold,1}",0.0
"LOL_{Arthur,1}",0.0
"OL_{Arthur,1}",0.0
"LOL_{Asser,1}",0.0
"OL_{Asser,1}",0.0
"LOL_{Aston,1}",0.0
"OL_{Aston,1}",0.0
"LOL_{Astor,1}",0.0
"OL_{Astor,1}",0.0
"LOL_{Attar,1}",0.0
"OL_{Attar,1}",0.0
"LOL_{Attila,1}",0.0
"OL_{Attila,1}",0.0
"LOL_{Attlee,1}",0.0
"OL_{Attlee,1}",0.0
"LOL_{Aubrey,1}",0.0
"OL_{Aubrey,1}",0.0
"LOL_{Austen,1}",0.0
"OL_{Austen,1}",0.0
"LOL_{Avery,1}",0.0
"OL_{Avery,1}",0.0
"LOL_{Bach,1}",0.0
"OL_{Bach,1}",0.0
"LOL_{Bacon,1}",0.0
"OL_{Bacon,1}",0.0
"LOL_{Baffin,1}",0.0
"OL_{Baffin,1}",0.0
"LOL_{Bailey,1}",0.0
"OL_{Bailey,1}",0.0
"LOL_{Bain,1}",0.0
"OL_{Bain,1}",0.0
"LOL_{Bajer,1}",0.0
"OL_{Bajer,1}",0.0
"LOL_{Baker,1}",0.0
"OL_{Baker,1}",0.0
"LOL_{Balch,1}",0.0
"OL_{Balch,1}",0.0
"LOL_{Balzac,1}",0.0
"OL_{Balzac,1}",0.0
"LOL_{Banks,1}",0.0
"OL_{Banks,1}",0.0
"LOL_{Bardeen,1}",0.0
"OL_{Bardeen,1}",0.0
"LOL_{Barkla,1}",0.0
"OL_{Barkla,1}",0.0
"LOL_{Barlow,1}",0.0
"OL_{Barlow,1}",0.0
"LOL_{Barry,1}",0.0
"OL_{Barry,1}",0.0
"LOL_{Barton,1}",0.0
"OL_{Barton,1}",0.0
"LOL_{Basov,1}",0.0
"OL_{Basov,1}",0.0
"LOL_{Bates,1}",0.0
"OL_{Bates,1}",0.0
"LOL_{Bayle,1}",0.0
"OL_{Bayle,1}",0.0
"LOL_{Bede,1}",0.0
"OL_{Bede,1}",0.0
"LOL_{Beethoven,1}",0.0
"OL_{Beethoven,1}",0.0
"LOL_{Behring,1}",0.0
"OL_{Behring,1}",0.0
"LOL_{Bell,1}",0.0
"OL_{Bell,1}",0.0
"LOL_{Bloch,1}",0.0
"OL_{Bloch,1}",0.0
"LOL_{Bordet,1}",0.0
"OL_{Bordet,1}",0.0
"LOL_{Cabell,1}",0.0
"OL_{Cabell,1}",0.0
"LOL_{Cabot,1}",0.0
"OL_{Cabot,1}",0.0
"LOL_{Caesar,1}",0.0
"OL_{Caesar,1}",0.0
"LOL_{Caine,1}",0.0
"OL_{Caine,1}",0.0
"LOL_{Calvin,1}",0.0
"OL_{Calvin,1}",0.0
"LOL_{Camus,1}",0.0
"OL_{Camus,1}",0.0
"LOL_{Carew,1}",0.0
"OL_{Carew,1}",0.0
"LOL_{Carrel,1}",0.0
"OL_{Carrel,1}",0.0
"LOL_{Carter,1}",0.0
"OL_{Carter,1}",0.0
"LOL_{Caruso,1}",0.0
"OL_{Caruso,1}",0.0
"LOL_{Cary,1}",0.0
"OL_{Cary,1}",0.0
"LOL_{Caxton,1}",0.0
"OL_{Caxton,1}",0.0
"LOL_{Cecil,1}",0.0
"OL_{Cecil,1}",0.0
"LOL_{Chain,1}",0.0
"OL_{Chain,1}",0.0
"LOL_{Chase,1}",0.0
"OL_{Chase,1}",0.0
"LOL_{Chifa,1}",0.0
"OL_{Chifa,1}",0.0
"LOL_{Chuhsi,1}",0.0
"OL_{Chuhsi,1}",0.0
"LOL_{Clark,1}",0.0
"OL_{Clark,1}",0.0
"LOL_{Clay,1}",0.0
"OL_{Clay,1}",0.0
"LOL_{Clive,1}",0.0
"OL_{Clive,1}",0.0
"LOL_{Cobb,1}",0.0
"OL_{Cobb,1}",0.0
"LOL_{Cole,1}",0.0
"OL_{Cole,1}",0.0
"LOL_{Comte,1}",0.0
"OL_{Comte,1}",0.0
"LOL_{Curie,1}",0.0
"OL_{Curie,1}",0.0
"LOL_{Curtiss,1}",0.0
"OL_{Curtiss,1}",0.0
"LOL_{Abel,2}",0.0
"OL_{Abel,2}",0.0
"LOL_{Adams,2}",0.0
"OL_{Adams,2}",0.0
"LOL_{Adler,2}",0.0
"OL_{Adler,2}",0.0
"LOL_{Agricola,2}",0.0
"OL_{Agricola,2}",0.0
"LOL_{Aiken,2}",0.0
"OL_{Aiken,2}",0.0
"LOL_{Alber,2}",0.0
"OL_{Alber,2}",0.0
"LOL_{Alder,2}",0.0
"OL_{Alder,2}",0.0
"LOL_{Alger,2}",0.0
"OL_{Alger,2}",0.0
"LOL_{Ali,2}",0.0
"OL_{Ali,2}",0.0
"LOL_{Allen,2}",0.0
"OL_{Allen,2}",0.0
"LOL_{Anna,2}",0.0
"OL_{Anna,2}",0.0
"LOL_{Archer,2}",0.0
"OL_{Archer,2}",0.0
"LOL_{Arne,2}",0.0
"OL_{Arne,2}",0.0
"LOL_{Arnold,2}",0.0
"OL_{Arnold,2}",0.0
"LOL_{Arthur,2}",0.0
"OL_{Arthur,2}",0.0
"LOL_{Asser,2}",0.0
"OL_{Asser,2}",0.0
"LOL_{Aston,2}",0.0
"OL_{Aston,2}",0.0
"LOL_{Astor,2}",0.0
"OL_{Astor,2}",0.0
"LOL_{Attar,2}",0.0
"OL_{Attar,2}",0.0
"LOL_{Attila,2}",0.0
"OL_{Attila,2}",0.0
"LOL_{Attlee,2}",0.0
"OL_{Attlee,2}",0.0
"LOL_{Aubrey,2}",0.0
"OL_{Aubrey,2}",0.0
"LOL_{Austen,2}",0.0
"OL_{Austen,2}",0.0
"LOL_{Avery,2}",0.0
"OL_{Avery,2}",0.0
"LOL_{Bach,2}",0.0
"OL_{Bach,2}",0.0
"LOL_{Bacon,2}",0.0
"OL_{Bacon,2}",0.0
"LOL_{Baffin,2}",0.0
"OL_{Baffin,2}",0.0
"LOL_{Bailey,2}",0.0
"OL_{Bailey,2}",0.0
"LOL_{Bain,2}",0.0
"OL_{Bain,2}",0.0
"LOL_{Bajer,2}",0.0
"OL_{Bajer,2}",0.0
"LOL_{Baker,2}",0.0
"OL_{Baker,2}",0.0
"LOL_{Balch,2}",0.0
"OL_{Balch,2}",0.0
"LOL_{Balzac,2}",0.0
"OL_{Balzac,2}",0.0
"LOL_{Banks,2}",0.0
"OL_{Banks,2}",0.0
"LOL_{Bardeen,2}",0.0
"OL_{Bardeen,2}",0.0
"LOL_{Barkla,2}",0.0
"OL_{Barkla,2}",0.0
"LOL_{Barlow,2}",0.0
"OL_{Barlow,2}",0.0
"LOL_{Barry,2}",0.0
"OL_{Barry,2}",0.0
"LOL_{Barton,2}",0.0
"OL_{Barton,2}",0.0
"LOL_{Basov,2}",0.0
"OL_{Basov,2}",0.0
"LOL_{Bates,2}",0.0
"OL_{Bates,2}",0.0
"LOL_{Bayle,2}",0.0
"OL_{Bayle,2}",0.0
"LOL_{Bede,2}",0.0
"OL_{Bede,2}",0.0
"LOL_{Beethoven,2}",0.0
"OL_{Beethoven,2}",0.0
"LOL_{Behring,2}",0.0
"OL_{Behring,2}",0.0
"LOL_{Bell,2}",0.0
"OL_{Bell,2}",0.0
"LOL_{Bloch,2}",0.0
"OL_{Bloch,2}",0.0
"LOL_{Bordet,2}",0.0
"OL_{Bordet,2}",0.0
"LOL_{Cabell,2}",0.0
"OL_{Cabell,2}",0.0
"LOL_{Cabot,2}",0.0
"OL_{Cabot,2}",0.0
"LOL_{Caesar,2}",0.0
"OL_{Caesar,2}",0.0
"LOL_{Caine,2}",0.0
"OL_{Caine,2}",0.0
"LOL_{Calvin,2}",0.0
"OL_{Calvin,2}",0.0
"LOL_{Camus,2}",0.0
"OL_{Camus,2}",0.0
"LOL_{Carew,2}",0.0
"OL_{Carew,2}",0.0
"LOL_{Carrel,2}",0.0
"OL_{Carrel,2}",0.0
"LOL_{Carter,2}",0.0
"OL_{Carter,2}",0.0
"LOL_{Caruso,2}",0.0
"OL_{Caruso,2}",0.0
"LOL_{Cary,2}",0.0
"OL_{Cary,2}",0.0
"LOL_{Caxton,2}",0.0
"OL_{Caxton,2}",0.0
"LOL_{Cecil,2}",0.0
"OL_{Cecil,2}",0.0
"LOL_{Chain,2}",0.0
"OL_{Chain,2}",0.0
"LOL_{Chase,2}",0.0
"OL_{Chase,2}",0.0
"LOL_{Chifa,2}",0.0
"OL_{Chifa,2}",0.0
"LOL_{Chuhsi,2}",0.0
"OL_{Chuhsi,2}",0.0
"LOL_{Clark,2}",0.0
"OL_{Clark,2}",0.0
"LOL_{Clay,2}",0.0
"OL_{Clay,2}",0.0
"LOL_{Clive,2}",0.0
"OL_{Clive,2}",0.0
"LOL_{Cobb,2}",0.0
"OL_{Cobb,2}",0.0
"LOL_{Cole,2}",0.0
"OL_{Cole,2}",0.0
"LOL_{Comte,2}",0.0
"OL_{Comte,2}",0.0
"LOL_{Curie,2}",0.0
"OL_{Curie,2}",0.0
"LOL_{Curtiss,2}",0.0
"OL_{Curtiss,2}",0.0
"LOL_{Abel,3}",0.0
"OL_{Abel,3}",0.0
"LOL_{Adams,3}",0.0
"OL_{Adams,3}",0.0
"LOL_{Adler,3}",0.0
"OL_{Adler,3}",0.0
"LOL_{Agricola,3}",0.0
"OL_{Agricola,3}",0.0
"LOL_{Aiken,3}",0.0
"OL_{Aiken,3}",0.0
"LOL_{Alber,3}",0.0
"OL_{Alber,3}",0.0
"LOL_{Alder,3}",0.0
"OL_{Alder,3}",0.0
"LOL_{Alger,3}",0.0
"OL_{Alger,3}",0.0
"LOL_{Ali,3}",0.0
"OL_{Ali,3}",0.0
"LOL_{Allen,3}",0.0
"OL_{Allen,3}",0.0
"LOL_{Anna,3}",0.0
"OL_{Anna,3}",0.0
"LOL_{Archer,3}",0.0
"OL_{Archer,3}",0.0
"LOL_{Arne,3}",0.0
"OL_{Arne,3}",0.0
"LOL_{Arnold,3}",0.0
"OL_{Arnold,3}",0.0
"LOL_{Arthur,3}",0.0
"OL_{Arthur,3}",0.0
"LOL_{Asser,3}",0.0
"OL_{Asser,3}",0.0
"LOL_{Aston,3}",0.0
"OL_{Aston,3}",2.1892160540192793
"LOL_{Astor,3}",0.0
"OL_{Astor,3}",0.0
"LOL_{Attar,3}",0.0
"OL_{Attar,3}",0.0
"LOL_{Attila,3}",0.0
"OL_{Attila,3}",0.0
"LOL_{Attlee,3}",0.0
"OL_{Attlee,3}",0.0
"LOL_{Aubrey,3}",0.0
"OL_{Aubrey,3}",0.0
"LOL_{Austen,3}",0.0
"OL_{Austen,3}",0.0
"LOL_{Avery,3}",0.0
"OL_{Avery,3}",0.0
"LOL_{Bach,3}",0.0
"OL_{Bach,3}",0.0
"LOL_{Bacon,3}",0.0
"OL_{Bacon,3}",0.0
"LOL_{Baffin,3}",0.0
"OL_{Baffin,3}",0.0
"LOL_{Bailey,3}",0.0
"OL_{Bailey,3}",0.0
"LOL_{Bain,3}",0.0
"OL_{Bain,3}",0.0
"LOL_{Bajer,3}",0.0
"OL_{Bajer,3}",0.0
"LOL_{Baker,3}",0.0
"OL_{Baker,3}",0.0
"LOL_{Balch,3}",0.0
"OL_{Balch,3}",0.0
"LOL_{Balzac,3}",0.0
"OL_{Balzac,3}",0.0
"LOL_{Banks,3}",0.0
"OL_{Banks,3}",0.0
"LOL_{Bardeen,3}",0.0
"OL_{Bardeen,3}",0.0
"LOL_{Barkla,3}",0.0
"OL_{Barkla,3}",0.0
"LOL_{Barlow,3}",0.0
"OL_{Barlow,3}",0.0
"LOL_{Barry,3}",0.0
"OL_{Barry,3}",0.0
"LOL_{Barton,3}",0.0
"OL_{Barton,3}",0.0
"LOL_{Basov,3}",0.0
"OL_{Basov,3}",0.0
"LOL_{Bates,3}",0.0
"OL_{Bates,3}",0.0
"LOL_{Bayle,3}",0.0
"OL_{Bayle,3}",0.0
"LOL_{Bede,3}",0.0
"OL_{Bede,3}",0.0
"LOL_{Beethoven,3}",0.0
"OL_{Beethoven,3}",0.0
"LOL_{Behring,3}",0.0
"OL_{Behring,3}",0.0
"LOL_{Bell,3}",0.0
"OL_{Bell,3}",0.0
"LOL_{Bloch,3}",0.0
"OL_{Bloch,3}",0.0
"LOL_{Bordet,3}",0.0
"OL_{Bordet,3}",0.0
"LOL_{Cabell,3}",0.0
"OL_{Cabell,3}",0.0
"LOL_{Cabot,3}",0.0
"OL_{Cabot,3}",0.0
"LOL_{Caesar,3}",0.0
"OL_{Caesar,3}",0.0
"LOL_{Caine,3}",0.0
"OL_{Caine,3}",0.0
"LOL_{Calvin,3}",0.0
"OL_{Calvin,3}",0.0
"LOL_{Camus,3}",0.0
"OL_{Camus,3}",0.0
"LOL_{Carew,3}",0.0
"OL_{Carew,3}",0.0
"LOL_{Carrel,3}",0.0
"OL_{Carrel,3}",0.0
"LOL_{Carter,3}",0.0
"OL_{Carter,3}",0.0
"LOL_{Caruso,3}",0.0
"OL_{Caruso,3}",0.0
"LOL_{Cary,3}",0.0
"OL_{Cary,3}",0.0
"LOL_{Caxton,3}",0.0
"OL_{Caxton,3}",0.0
"LOL_{Cecil,3}",0.0
"OL_{Cecil,3}",0.0
"LOL_{Chain,3}",0.0
"OL_{Chain,3}",0.0
"LOL_{Chase,3}",0.0
"OL_{Chase,3}",0.0
"LOL_{Chifa,3}",0.0
"OL_{Chifa,3}",0.0
"LOL_{Chuhsi,3}",0.0
"OL_{Chuhsi,3}",0.0
"LOL_{Clark,3}",0.0
"OL_{Clark,3}",0.0
"LOL_{Clay,3}",0.0
"OL_{Clay,3}",0.0
"LOL_{Clive,3}",0.0
"OL_{Clive,3}",0.0
"LOL_{Cobb,3}",0.0
"OL_{Cobb,3}",0.0
"LOL_{Cole,3}",0.0
"OL_{Cole,3}",0.0
"LOL_{Comte,3}",0.0
"OL_{Comte,3}",0.0
"LOL_{Curie,3}",0.0
"OL_{Curie,3}",0.0
"LOL_{Curtiss,3}",0.0
"OL_{Curtiss,3}",0.0
